oslaua,la_name,charity_count_local,charitable_spending_local,Pct_Leave,population,perhead_charity_count,perhead_charity_count_local,perhead_charitable_spending_local,IMD_average_score,IMD_extent,IMD_concentration,public_ core_spend_m,public_ core_spend_m_rank,public_core_spend_per_head,public_core_spend_per_head_rank,threesixty_total_amount,threesixty_blf,threesixty_blf_amount,threesixty_charity,threesixty_charity_amount,threesixty_national,threesixty_national_amount,threesixty_total,threesixty_total_amount
E07000196,South Staffordshire,155,6.985005197,64.85,110726,0.002059137,0.001399852,63.08369486,12.453,0.0162,23675.53,8.820536217,27,79.66093074,1,97691,18,1505941,18,1255416,26,1930349,38,2046931
E07000181,West Oxfordshire,369,14.95291366,46.34,108611,0.004566757,0.003397446,137.6740262,8.124,0,18522.08,8.751675754,24,80.57817122,2,1710133,30,1378106,34,1553545,45,2070586,56,2257316
E07000143,Breckland,411,14.27931766,64.22,135480,0.003572483,0.003033658,105.3979751,19.789,0.0918,28134.2,11.58167802,85,85.48625642,3,622637,29,641728,18,617460,36,1060170,42,1152520
E07000144,Broadland,319,12.54095012,54.37,126628,0.00301671,0.00251919,99.03773352,11.065,0,18734.92,11.12698349,73,87.87143041,4,428255,41,2223163,28,2647857,50,3009063,59,3174880.9
E07000164,Hambleton,338,12.36259064,53.66,90035,0.004376076,0.003754096,137.3087204,12.67,0.0099,22828.33,7.984304163,18,88.68000403,5,981940,7,32302,18,689009,22,971198,42,1370403
E07000084,Basingstoke and Deane,333,24.65401063,51.9,173856,0.002680379,0.001915378,141.8070738,11.496,0.0113,23431.63,16.20091875,169,93.18584777,6,578470,18,687184,9,80286,24,750074,25,759074
E07000087,Fareham,160,13.36159675,55.1,114799,0.001907682,0.00139374,116.3912295,8.454,0.0073,20738.83,10.75350808,65,93.67248913,7,1173530,30,786875,9,758094,34,1045948,34,1045948
E07000086,Eastleigh,185,10.31697384,52.45,129027,0.002092585,0.001433808,79.95980562,10.015,0.0097,22692.97,12.09154262,93,93.71327412,8,352334,43,1535411,22,2005636,59,2880935,60,3070935
E07000132,Hinckley and Bosworth,141,5.16131049,60.33,108769,0.001875534,0.001296325,47.45203587,12.782,0.0259,24388.67,10.2141911,51,93.90718955,9,2894765,35,1435168,17,1072979,43,2032369,46,2111369
E07000095,Broxbourne,97,4.79128721,66.26,96217,0.001465438,0.001008138,49.79668052,17.294,0.0707,26756.38,9.049393794,29,94.05192216,10,4095346,76,2832130,39,3289833,102,4967273,105,5501833
E07000172,Broxtowe,133,7.466379621,54.65,112253,0.001710422,0.001184824,66.51385371,14.306,0.0499,26244.12,10.81776433,67,96.36948972,11,2156641,56,1995193,20,977184,67,2307269,69,2325269
E07000179,South Oxfordshire,397,29.95468126,45.02,137412,0.004693913,0.002889122,217.9917421,8.56,0.0012,19075.38,13.26881503,121,96.5622728,12,2925739,53,1957636,25,1966927,59,2193320,62,2369320
E07000197,Stafford,283,37.40587839,55.99,132488,0.002732323,0.002136043,282.334086,13.492,0.0612,26776.62,12.86236656,114,97.08325705,13,534936,20,709936,8,650170,24,806134,24,806134
E07000180,Vale of White Horse,429,86.76615158,43.3,126663,0.004815929,0.00338694,685.0157629,8.457,0.0067,16917.06,12.33250762,99,97.36472072,14,389687,35,2262979,35,2654002,50,3002491,56,3079143
E07000130,Charnwood,251,29.11760839,53.81,176720,0.00216727,0.001420326,164.7669103,13.729,0.0489,26369.22,17.27641345,177,97.76150662,15,439821,39,2076345,35,2702762,63,3611932,66,3683932
E07000176,Rushcliffe,219,12.90205728,42.45,114474,0.00258574,0.001913098,112.7073159,7.702,0,17477.97,11.20115294,77,97.84888219,16,2759532,58,1739730,43,2288825,86,4143239,89,4560239
E07000129,Blaby,114,4.158066694,59.47,96544,0.001791929,0.001180809,43.06913629,10.374,0,19225.59,9.460395473,35,97.99050664,17,1209137,8,61068,4,24788,8,61068,8,61068
E07000034,Chesterfield,145,13.37617343,60.04,104407,0.001685711,0.001388796,128.1156764,25.32,0.2714,30801.87,10.27563113,55,98.41898656,18,1427979,86,5147786,59,4426372,121,8551111,126,8934604
E07000032,Amber Valley,197,21.12264469,60.28,124069,0.002240689,0.001587826,170.2491734,18.116,0.1023,28599.07,12.39185328,102,99.87872297,19,20694169,45,1897263,31,2598810,69,3457440,72,3577440
E07000199,Tamworth,60,2.499566214,67.47,77141,0.001166695,0.000777797,32.40256432,20.251,0.1616,29927.65,7.707094265,13,99.90918273,20,1450498,17,913169,8,842890,18,921773,20,943273
E07000007,Wycombe,368,47.08448026,48.03,176028,0.002999523,0.002090576,267.4829019,10.106,0.006,21525.06,17.59845595,179,99.97532182,21,3070935,44,1658085,21,1619472,53,2026531,53,2026531
E07000209,Guildford,330,84.96678694,43.83,146080,0.003340635,0.002259036,581.6455842,9.392,0.0119,21816.34,14.84950721,153,101.6532531,22,2111369,24,1245572,35,2388012,42,2566356,58,2759532
E07000116,Tunbridge Wells,275,74.70544327,45.11,116241,0.00372502,0.002365775,642.6772246,10.975,0.0151,21891.6,11.85172287,90,101.9581978,23,124099,73,11558967,121,16806090,144,18094993,181,18585050
E07000083,Tewkesbury,213,14.74865431,53.25,86890,0.002957763,0.002451375,169.7393752,12.08,0.0233,23642.14,8.860041582,28,101.9684841,24,4164022,18,752423,12,817512,27,1049569,31,1076569
E07000238,Wychavon,323,14.54298638,57.86,121520,0.003563199,0.002657999,119.6756615,16.001,0.0407,25472.36,12.42541985,105,102.2499988,25,126231,17,199697,17,315833,33,784639,41,887269
E07000177,Cherwell,289,39.34722859,50.31,145550,0.002761937,0.001985572,270.3347894,12.611,0.034,24992.8,14.92685547,156,102.5548297,26,1526600,41,3003932,27,2514823,66,4417869,68,4502034
E07000194,Lichfield,179,16.08348293,58.81,102706,0.002473078,0.001742839,156.5973062,12.709,0.0351,24985.25,10.538097,62,102.6044924,27,191333,14,1263297,8,1203153,22,1397976,25,1870630
E07000012,South Cambridgeshire,506,194.9781651,39.77,154888,0.004286969,0.003266877,1258.833254,8.053,0,15916,15.92775349,168,102.8340058,28,11066992,12,1030445,17,1361866,26,1467843,28,1526600
E07000204,St Edmundsbury,255,17.82424783,56.62,112523,0.002781654,0.002266203,158.4053734,15.271,0.0188,23760.93,11.60729196,87,103.1548391,29,174542,13,846297,12,964194,16,886480,21,2117208
E07000040,East Devon,454,18.47181164,54.11,138141,0.004032112,0.003286497,133.7170836,12.698,0.0096,22506.86,14.2674266,144,103.2816224,30,1133684,15,729723,52,1457258.45,31,1603848,66,1784634.45
E07000198,Staffordshire Moorlands,182,4.998344552,64.73,97881,0.002370225,0.001859401,51.06552397,15.217,0.0507,25986.66,10.15074974,47,103.7050065,31,9386476,40,862249,30,1216921,47,1079642,54,1466033
E07000156,Wellingborough,139,16.71810235,62.42,77184,0.002215485,0.001800891,216.6006212,21.742,0.2144,30558.48,8.020879967,19,103.9189465,32,840332,34,1375823,20,1431137,53,2237045,53,2237045
E07000089,Hart,171,13.42174126,47.6,93912,0.002736604,0.001820854,142.9182773,5.009,0,11928.88,9.783818753,41,104.1807091,33,6736376,13,1534655,13,1576212,20,1910869,21,2160869
E07000038,North East Derbyshire,147,16.71115798,62.78,99639,0.00183663,0.001475326,167.7170383,16.843,0.0875,27815.34,10.39627353,59,104.3394005,34,18585050,12,834815,6,922179,21,1213461,21,1213461
E07000085,East Hampshire,295,47.75351894,49.48,118077,0.00365863,0.00249837,404.4269328,8.609,0.0013,19312.61,12.33281675,100,104.4472399,35,353607,27,2050251,14,1850684,36,2494421,37,2504421
E07000050,North Dorset,214,30.86840948,56.4,70713,0.004086943,0.003026318,436.5308993,13.886,0,19141.72,7.386592657,12,104.4587651,36,1719637,5,87841,8,117533,7,176333,9,191333
E07000070,Chelmsford,341,95.17757528,52.83,172638,0.002542893,0.001975231,551.3130092,12.413,0.0372,25463.46,18.03640962,181,104.4753161,37,473499,11,518518,30,566445.44,18,1052858,39,1199925.44
E07000036,Erewash,119,18.92559744,61.23,114510,0.001510785,0.001039211,165.2746261,19.912,0.1709,29870.6,12.0395726,92,105.1399232,38,660986,19,2173992,26,2541077,31,2672394,38,2685870
E07000221,Stratford-on-Avon,340,23.50071908,51.56,121522,0.003933444,0.002797847,193.3865397,11.41,0,19507.97,12.7930533,113,105.2735579,39,725125,11,493178,5,617264,16,879996,17,882956
E07000067,Braintree,307,13.58308475,61.13,150360,0.002567172,0.002041766,90.33708932,15.313,0.0285,24713.72,15.85828767,167,105.4687927,40,807369,9,143765,9,121265,18,601636,23,615156
E07000037,High Peak,164,9.351963769,50.55,91496,0.002480983,0.001792428,102.2117226,16.091,0.0707,27627.59,9.66343369,39,105.6159142,41,3125288,6,35644,4,11519,7,45644,10,54444
E07000222,Warwick,316,60.64731174,41.22,139931,0.003408823,0.002258256,433.4086924,11.699,0.0204,23315.06,14.80971728,151,105.8358568,42,2792480,22,442636,10,336025,29,655664,31,822464
E07000228,Mid Sussex,276,77.52606514,46.91,145651,0.00306898,0.001894941,532.2727969,7.615,0.0031,18142.08,15.48975143,159,106.3484043,43,10856674,59,3123220,59,4396544,99,6463819,104,6736376
E07000227,Horsham,306,57.4224301,48.54,135868,0.003275238,0.002252186,422.6339543,9.765,0,19164.97,14.45330809,149,106.377573,44,45288476.12,40,1196636,28,1896349.5,61,2353985,68,2459872.5
E07000205,Suffolk Coastal,471,54.52887142,53,125052,0.004526117,0.003766433,436.0495747,13.073,0.0206,23559.81,13.34276077,123,106.6976999,45,478701,23,1446512,17,1213351,40,2600316,44,6246801.06
E07000212,Runnymede,133,38.48888665,54.26,85594,0.002383345,0.001553847,449.6680451,10.943,0.0035,21312.66,9.151362419,32,106.9159336,46,923792,25,1362297,13,1313062,33,1491233,35,1497983
E07000152,East Northamptonshire,192,44.88280159,58.76,89746,0.002718784,0.002139371,500.1092148,14.154,0.038,25214.84,9.596430344,38,106.9287806,47,2061026,130,5319303,101,5367314,184,8016683,239,8597301.54
E07000124,Ribble Valley,145,23.63706807,56.39,58480,0.003009576,0.00247948,404.1906305,10.185,0,18562.51,6.293589667,6,107.6195223,48,494050,53,2238226,28,2052120.65,65,2566312,74,2668638.65
E07000151,Daventry,252,10.91925484,58.6,80014,0.003811833,0.003149449,136.4668038,13.502,0.048,26319.21,8.62280108,23,107.7661544,49,3366369.5,57,1431923,32,1169531,67,1796117,72,1817282
E07000173,Gedling,144,5.884968818,55.55,115889,0.001656758,0.001242568,50.78108205,15.272,0.0391,25590.6,12.49154584,107,107.7888828,50,6606275,46,1884508,31,2551005,68,2997125,71,3493828
E07000091,New Forest,353,26.89754654,57.76,179023,0.002982857,0.001971814,150.2463177,12.44,0.0232,23902.53,19.42240147,189,108.4910959,51,1103441,147,5009915,85,5008868,214,8922983,221,8972795
E07000237,Worcester,142,46.52908883,53.68,101328,0.00214156,0.00140139,459.1928078,19.902,0.1769,30752.62,11.02213259,70,108.7767704,52,140081,,,,,,,,
E07000200,Babergh,293,12.56953276,54.19,89215,0.004270582,0.003284201,140.8903521,15.148,0.0413,25750.4,9.748675898,40,109.2717133,53,523038,54,2842321,118,4463347.54,73,4637377,150,5269517.54
E07000005,Chiltern,293,27.81373315,44.98,94545,0.004590407,0.003099053,294.1851304,6.719,0.0007,16712.86,10.36574865,57,109.6382532,54,2668638.65,11,880919,12,906177,21,1180137,24,1209137
E07000094,Winchester,379,80.958305,41.07,120696,0.005261152,0.003140121,670.7621214,8.785,0.0028,19421.38,13.33384163,122,110.4745943,55,1817282,19,161921,14,959793,29,3295553,32,3366369.5
E07000210,Mole Valley,284,52.86674164,46.92,86104,0.004587476,0.003298337,613.987058,8.87,0.0046,19017.39,9.5216132,37,110.5827046,56,223520,70,2263694,222,5176455.5,113,5805912,483,7008647.8
E07000216,Waverley,303,113.0912696,41.61,123315,0.00424928,0.002457122,917.0925646,7.068,0.0045,16681.13,13.7054161,132,111.1415164,57,326135,25,418095,15,678790,36,1173530,36,1173530
E07000126,South Ribble,161,8.657324737,58.56,109651,0.001823969,0.001468295,78.95344992,13.702,0.042,25968.71,12.230096,96,111.536566,58,138885,7,64661,3,25604,11,137385,12,138885
E07000039,South Derbyshire,167,45.22616274,60.35,99319,0.00224529,0.001681451,455.362647,13.676,0.0472,26056.32,11.08158034,72,111.5756335,59,1314409,3,27754,2,17806,4,138326,4,138326
E07000195,Newcastle-under-Lyme,111,6.57197787,63.04,127045,0.001393207,0.000873706,51.72952788,18.472,0.1114,28516.03,14.20493377,142,111.8102544,60,37738,11,87889,4,179951,16,380470,19,558195
E07000139,North Kesteven,252,9.58593931,62.26,111876,0.002654725,0.002252494,85.68360783,11.58,0.0026,22177.17,12.51944425,109,111.9046467,61,10046251,23,1353783,20,5226351,46,4045115,53,10856674
E07000093,Test Valley,277,24.37055715,51.94,120712,0.003197694,0.002294718,201.890095,10.622,0.0089,22496.41,13.52624633,128,112.0538665,62,1622067,14,126984,6,190207,16,260019,18,293019
E07000242,East Hertfordshire,352,67.61370106,50.36,144719,0.003434242,0.0024323,467.2068012,8.136,0.001,18158.09,16.22024903,170,112.0809916,63,1527399,10,96741,2,72969,14,201866,14,201866
E07000011,Huntingdonshire,364,23.38010805,54.24,174966,0.002640513,0.002080404,133.6265792,11.791,0.017,22750.85,19.61188155,191,112.089672,64,63966,13,94163,7,279123,20,482287,21,532287
E07000009,East Cambridgeshire,206,23.96777119,50.92,87306,0.002955123,0.002359517,274.5260485,12.108,0,20525.18,9.80143354,43,112.2652915,65,8972795,19,318230,16,633994,32,1032049,37,1187049
E07000135,Oadby and Wigston,63,2.670454141,54.58,55833,0.001844787,0.001128365,47.82931494,13.132,0.0439,25195.47,6.268516721,5,112.2726116,66,217546,16,381286,13,787094,36,1281393,41,1710133
E07000141,South Kesteven,289,32.18208643,59.93,138909,0.002757201,0.002080499,231.6774754,14.225,0.0458,25926.34,15.6038707,161,112.3316034,67,8597301.54,14,2643633,10,2725215,18,2925739,18,2925739
E07000189,South Somerset,457,50.9762503,57.25,164982,0.003612515,0.002769999,308.9806785,16.644,0.062,27106.91,18.57867968,184,112.6103434,68,4292872,20,1133359,9,910012,38,1976554,39,2061026
E07000006,South Bucks,121,20.01493753,50.7,69120,0.003342014,0.001750579,289.567962,9.328,0,16930.31,7.797484016,14,112.810822,69,626246,10,1044003,7,1144913,21,1502399,22,1527399
E07000105,Ashford,287,13.80848891,59.43,124250,0.002993964,0.002309859,111.1347196,17.333,0.0906,27994.58,14.03959959,137,112.9947653,70,483500,11,1000613,9,1119361,21,1195648,22,1349648
E07000190,Taunton Deane,283,22.05667815,52.92,114021,0.003236246,0.002481999,193.4439985,16.514,0.0763,28236.07,12.95422599,115,113.6126327,71,3483089,22,994363,12,1101399,35,1424545,35,1424545
E07000096,Dacorum,282,43.14135688,50.67,151350,0.002510737,0.001863231,285.043653,12.174,0.0173,23514.27,17.25381223,176,113.9994201,72,242657,23,216127,11,150744,33,447637,34,622637
E07000170,Ashfield,96,5.53078475,69.84,123574,0.001027724,0.000776862,44.75686431,25.416,0.2402,30977.27,14.08858614,138,114.0093073,73,1370403,12,114230,3,29057,13,124099,13,124099
E07000206,Waveney,226,13.34697861,62.9,116182,0.002745692,0.001945224,114.8799178,25.135,0.2082,31951.59,13.25392455,120,114.0789843,74,115991,14,126852,2,50370,19,223520,19,223520
E07000109,Gravesham,139,19.58824674,65.38,106299,0.00160867,0.001307632,184.274986,21.684,0.1827,30401.48,12.13198943,94,114.1307955,75,110920,15,116510,10,113610,20,279072,20,279072
E07000203,Mid Suffolk,372,14.9672881,55.23,99632,0.004496547,0.00373374,150.2257116,12.679,0.0141,20250.49,11.44123445,81,114.8349371,76,3683932,17,1064183,5,948485,24,1263031,25,1271331
E07000102,Three Rivers,114,22.44628163,51.27,91674,0.002487074,0.001243537,244.848939,9.98,0.0214,22884.21,10.53293281,61,114.8955299,77,279072,18,149135,5,37954,29,976143,29,976143
E07000074,Maldon,142,4.874376507,62.58,62743,0.002709466,0.002263201,77.68797327,14.506,0.0192,23812.4,7.212262615,10,114.949279,78,3705417,12,110408,2,40000,16,409483,18,428483
E07000090,Havant,118,18.2434475,62.36,122927,0.001439879,0.000959919,148.4087914,21.166,0.2341,30114.04,14.15772111,141,115.1717776,79,814815,13,110318,4,76107,15,170117,15,170117
E07000225,Chichester,362,58.64357758,50.92,116976,0.004582137,0.003094652,501.3299957,12.994,0.0048,22166.81,13.49038227,127,115.3260692,80,1058983,21,153388,13,228566,31,635664,34,737890
E07000171,Bassetlaw,186,20.21380712,67.83,114533,0.001999424,0.001623986,176.4889344,22.729,0.1988,31154.31,13.20896051,119,115.3288616,81,1972029,29,1067445,28,1716293,55,2402869,57,2418869
E07000127,West Lancashire,139,7.59022659,55.31,112742,0.001809441,0.001232903,67.3238597,19.983,0.1775,31220.51,13.00852024,117,115.3830892,82,293019,18,140067,12,239202,22,252304,23,400951
E07000236,Redditch,62,7.058159927,62.29,84743,0.001156438,0.000731624,83.28900236,21.218,0.2203,30057.16,9.787551206,42,115.4968694,83,737890,14,863786,10,933756,17,994472,18,1039468
E07000193,East Staffordshire,184,24.51890348,63.21,116040,0.002197518,0.00158566,211.2969966,18.817,0.1643,28813.21,13.41477799,125,115.6047741,84,84203,19,617914,12,806883,23,831004,24,891999
E07000235,Malvern Hills,240,48.4075686,52.16,75731,0.004383938,0.003169112,639.2041383,16.067,0.0461,26304.4,8.755451076,25,115.6125111,85,285839,37,1803849,23,1809495,45,1902445,48,2039165
E07000134,North West Leicestershire,145,3.509542259,60.7,97247,0.002097751,0.001491049,36.08895142,14.902,0.0451,26310.07,11.24427673,79,115.6259497,86,1045003,20,607164,13,252866,23,752464,24,787464
E07000187,Mendip,330,72.13678235,48.93,111724,0.003938276,0.002953707,645.669528,17.204,0.0455,25845.49,12.98492128,116,116.2232043,87,1415034,20,741252,14,1599948,27,1878978,28,1928978
E07000131,Harborough,240,4.817401904,50.75,89284,0.003595269,0.002688052,53.95593728,8.324,0.0034,17525.06,10.38142811,58,116.2742273,88,612301,2,14810,3,17310,5,37738,5,37738
E07000175,Newark and Sherwood,277,73.31964624,60.39,118569,0.003061508,0.002336192,618.3711277,18.755,0.1419,29256.46,13.82735877,135,116.6186674,89,2325269,6,84203,3,63238,6,84203,6,84203
E07000234,Bromsgrove,128,33.42500287,55.37,95768,0.002182357,0.001336563,349.0205796,11.071,0.0141,22990.38,11.18216594,76,116.7630726,90,1638744,11,219675,11,228692,14,246822,16,262492
E07000041,Exeter,284,78.37502156,44.72,127308,0.003071292,0.00223081,615.6331225,18.212,0.1126,28313.11,14.86986904,155,116.8023144,91,352994,4,30070,2,20932,4,30070,5,41284
E07000092,Rushmoor,81,6.297172999,58.21,95342,0.001804032,0.000849573,66.04825784,15.135,0.0408,25460.81,11.15805979,75,117.0319459,92,164786,17,563889,20,480910,25,936164,29,991024
E07000146,King's Lynn and West Norfolk,383,18.12815619,66.4,151013,0.002999742,0.002536205,120.0436796,23.403,0.1531,30614.92,17.68825895,180,117.1307036,93,1349648,6,448056,6,569840,10,603056,10,603056
E07000174,Mansfield,132,10.48196438,70.86,106556,0.001482788,0.001238785,98.37047543,27.764,0.3329,31315.66,12.49941171,108,117.3036874,94,1095089,18,144680,10,154668,21,327994,22,352994
E07000113,Swale,238,14.58698522,62.46,142417,0.001923928,0.001671149,102.4244663,25.724,0.2302,32155.91,16.71403194,174,117.3598092,95,1757651,19,630326,15,789896,28,1014153,31,1399653
E07000049,East Dorset,174,23.08974973,57.62,88690,0.00319089,0.00196189,260.3422001,9.311,0.0044,20604,10.41675969,60,117.4513439,96,576588,15,1111888,12,995577,22,1374346,23,1394346
E07000063,Lewes,205,21.17165508,47.93,100693,0.003267357,0.002035891,210.2594528,15.074,0.0277,24769.48,11.83200971,89,117.505782,97,113739,12,101858,12,193803,16,241858,19,314275
E07000192,Cannock Chase,72,2.527358138,68.86,98535,0.001055463,0.000730705,25.64934427,20.931,0.145,28900.37,11.58194747,86,117.541457,98,1271331,27,261973,16,313345,34,475607,36,613910
E07000213,Spelthorne,111,10.7629927,60.3,98469,0.001695965,0.001127258,109.3033615,13.189,0.0068,22645.24,11.57955625,84,117.5959566,99,2418869,9,439231,3,453643,14,534936,14,534936
E07000219,Nuneaton and Bedworth,96,8.651440999,66.01,126319,0.001203303,0.000759981,68.48883382,22.933,0.1945,30591.78,14.85679622,154,117.6133141,100,430493,7,82844,3,62090,9,174542,9,174542
E07000076,Tendring,237,20.44865721,69.5,141183,0.002075321,0.001678672,144.8379565,28.445,0.2775,31958.5,16.6175501,173,117.7022028,101,201866,12,211975,12,686457,19,840332,19,840332
E07000072,Epping Forest,197,10.10504577,62.69,129677,0.002336575,0.001519159,77.9247343,15.263,0.0271,24553.83,15.27299115,157,117.7771783,102,51368,7,389356,6,387856,9,494050,9,494050
E07000163,Craven,215,14.85795538,52.83,55801,0.004623573,0.003852978,266.26683,12.527,0.0245,23109.41,6.582764752,8,117.9685803,103,686452,12,547768,8,450600,23,1073191,25,1103441
E07000224,Arun,237,16.99805046,62.48,155732,0.002067655,0.001521845,109.149375,17.671,0.1047,28881.3,18.40815173,183,118.2040411,104,210481,28,1112799,21,1248762,40,1544517,43,1622067
E07000051,Purbeck,135,5.431254978,59.07,46212,0.003721977,0.002921319,117.5291045,13.803,0,19799.4,5.46663721,3,118.2947548,105,5438743.5,7,44593,7,308703,11,285545,16,576588
E07000078,Cheltenham,214,97.34653003,43.83,116781,0.002543222,0.00183249,833.5819185,15.071,0.1156,28843.76,13.83138486,136,118.4386575,106,273391,7,535193,8,678605,15,930922,16,978729
E07000220,Rugby,184,50.46453304,56.7,103443,0.00241679,0.001778757,487.8486997,13.051,0.0237,24370.39,12.25277618,98,118.449544,107,2973359,6,58996,3,29096,9,93481,9,93481
E07000048,Christchurch,63,2.886536844,58.83,49057,0.002181136,0.00128422,58.84046811,12.547,0.041,25139.06,5.811690864,4,118.4681261,108,70484,6,45137,6,36937,7,46937,7,46937
E07000147,North Norfolk,410,51.91786236,58.91,103308,0.00465598,0.003968715,502.5541329,21.343,0.0437,25264.62,12.25006023,97,118.5780407,109,1083242,10,547781,7,680882,17,928900,18,939400
E07000243,Stevenage,76,6.181206268,59.25,86469,0.001144919,0.000878928,71.48465078,18.388,0.0354,25178.72,10.27363316,54,118.8129059,110,4181871,4,22265,2,19640,7,52025,8,54025
E07000026,Allerdale,322,18.5870229,58.65,96660,0.00352783,0.003331264,192.2928088,22.55,0.1926,31051.61,11.48582563,83,118.8270808,111,3541021,8,73152,5,76901,11,90081,12,140081
E07000052,West Dorset,418,76.14253743,51.03,100747,0.005280554,0.004149007,755.7796999,14.24,0.0097,22065.27,11.99452718,91,119.055924,112,1153188,4,123149,4,122122,6,179446,10,217546
E07000043,North Devon,260,15.32761196,57.04,94172,0.003249373,0.002760906,162.7618821,20.682,0.1198,29377.67,11.22549079,78,119.2020005,113,24872556.5,25,447554,14,479564,31,662754,32,686452
E07000240,St Albans,295,94.37252341,37.29,145797,0.003155072,0.002023361,647.2871418,7.668,0,18737.81,17.38108987,178,119.2143176,114,759074,20,1815254,27,2654908,35,2932009,38,2973359
E07000149,South Norfolk,442,80.11543496,51.69,131010,0.004305015,0.003373788,611.5215248,13.027,0.0019,21161.02,15.663297,164,119.5580261,115,1525045,23,1628966,24,2127507,39,2426663,46,2464434
E07000108,Dover,272,25.32576039,62.15,113228,0.002711343,0.002402233,223.6704736,21.589,0.1685,29866.95,13.55786307,129,119.7394909,116,6271072,9,72556,4,89778,15,351945,15,351945
E07000088,Gosport,90,8.038869804,63.86,84672,0.001346372,0.001062925,94.9413006,20.613,0.1576,29297.43,10.16039814,48,119.9971436,117,204667,12,321487,15,339477,18,372287,21,389687
E07000075,Rochford,102,3.991501196,66.61,85144,0.00156206,0.00119797,46.87941835,11.033,0.0174,22832.57,10.22353201,52,120.0734287,118,2257574.09,11,90009,9,121149,17,284999,18,285839
E07000241,Welwyn Hatfield,161,35.91289162,52.99,119016,0.002041742,0.001352759,301.748434,12.875,0.0128,22665.18,14.29232687,145,120.0874409,119,978729,4,75600,3,22650,8,149786,9,164786
E07000031,South Lakeland,488,41.57299308,47.14,103454,0.005915673,0.004717072,401.8500307,12.232,0,20373.93,12.43727187,106,120.2203092,120,1221852,6,392564,4,333129,10,430493,10,430493
E07000004,Aylesbury Vale,516,58.0088055,50.5,188707,0.003651163,0.002734398,307.4014504,11.175,0.0253,24413.14,22.7372586,198,120.4897465,121,2613198,7,60614,3,25445,8,70484,8,70484
E07000080,Forest of Dean,242,10.50518745,58.58,84544,0.003583933,0.002862415,124.2570431,16.991,0.035,25052.29,10.19122477,50,120.5434421,122,61973,5,45253,2,15230,7,61973,7,61973
E07000140,South Holland,192,8.116188461,73.59,91214,0.002433837,0.00210494,88.97963537,18.579,0.0211,24325.29,11.02233714,71,120.8404098,123,2046931,12,1135176,10,1189436,17,1189274,19,1276539
E07000188,Sedgemoor,286,7.004033675,61.2,120260,0.002968568,0.002378181,58.24075898,19.506,0.1457,29415.36,14.54225005,150,120.9234163,124,1399653,13,591991,19,1429316,31,1620309,33,1933821
E07000107,Dartford,114,8.113832602,64.22,103892,0.001751819,0.001097293,78.09872369,17.845,0.0898,28472.08,12.57534584,110,121.0424849,125,1276539,11,85819,10,864196,14,848416,18,1037105.86
E07000044,South Hams,347,17.53632674,47.15,84470,0.005161596,0.004107967,207.6041996,14.072,0.0037,21433.53,10.2374034,53,121.195731,126,1481740,9,1293920,16,1884140,21,1789303,24,1990303
E07000071,Colchester,336,39.84321957,53.6,183939,0.002381224,0.001826693,216.6110481,16.941,0.0912,28291.96,22.2971448,197,121.220322,127,3577440,17,5460335,23,5534475,29,6090005,34,6753805
E07000045,Teignbridge,388,43.09930393,53.9,128826,0.003687144,0.003011814,334.5543907,16.525,0.0548,26269.66,15.62724527,162,121.305057,128,62025,11,363270,4,33652,12,660986,12,660986
E07000155,South Northamptonshire,282,9.233205536,54.34,89116,0.004095785,0.003164415,103.6088417,7.847,0,14069.97,10.81525212,66,121.3615077,129,976143,10,78990,4,28098,14,237657,15,242657
E07000029,Copeland,161,14.62794153,62,69647,0.002469597,0.002311657,210.0297433,25.949,0.2386,31279.02,8.458019363,21,121.441259,130,754707,5,49905,1,9930,7,62025,7,62025
E07000106,Canterbury,338,101.1026295,51.04,159965,0.002544307,0.002112962,632.0296909,16.876,0.0914,28067.21,19.44924451,190,121.5843748,131,963375,18,166803,14,219033,30,879847,30,879847
E07000082,Stroud,439,60.54315857,45.39,116627,0.004595848,0.003764137,519.1178592,10.893,0.0102,21082.52,14.22082379,143,121.934233,132,810108,5,48442,1,10000,7,208397,7,208397
E07000098,Hertsmere,137,40.2567476,50.84,102998,0.002611701,0.001330123,390.849799,12.913,0.0169,23691.01,12.59466343,111,122.2806601,133,1491647,10,650977,4,581444,14,867237,15,917237
E07000081,Gloucester,182,28.94942497,58.5,127158,0.001997515,0.00143129,227.6649913,21.999,0.2267,31344.75,15.66115722,163,123.1629722,134,532287,11,432495,10,552709,16,578470,16,578470
E07000028,Carlisle,222,25.66019873,60.14,108155,0.002348481,0.00205261,237.2539294,22.482,0.1792,30543.38,13.35166225,124,123.4493297,135,1142713,13,674928,15,735557,25,911392,27,923792
E07000137,East Lindsey,372,15.72301547,70.65,137887,0.002980702,0.002697861,114.0282657,28.855,0.2984,31694.27,17.02415625,175,123.4645489,136,1500430,5,39945,3,29765,9,115991,9,115991
E07000226,Crawley,91,9.074114255,58.41,110864,0.001343989,0.000820826,81.84906061,17.833,0.0298,24873.84,13.72380281,133,123.7895332,137,1497983,12,578799,7,567892,15,784815,16,814815
E07000079,Cotswold,379,38.70469378,48.9,85162,0.006434795,0.004450342,454.4831472,11.176,0,18477.81,10.54798793,63,123.857917,138,,16,859311,7,893242,20,1083242,20,1083242
E07000115,Tonbridge and Malling,256,44.64601572,55.7,125713,0.002831847,0.002036384,355.1423935,11.344,0.0193,23423.08,15.58152223,160,123.9451945,139,43385237,17,1476236,19,1311813,29,1956468,31,2091468
E07000133,Melton,112,6.251774372,58.11,50912,0.003162319,0.002199874,122.795694,13.119,0.0148,23687.05,6.330337547,7,124.338811,140,13749397,10,257347,12,148276,16,450017,17,455017
E07000208,Epsom and Ewell,91,14.89470276,47.92,78950,0.002127929,0.001152628,188.6599463,8.544,0.0122,22289.25,9.839320021,44,124.6272327,141,209070,15,442491,12,442729,21,642426,22,652426
E07000128,Wyre,156,19.68610104,63.77,109745,0.00179507,0.001421477,179.3803913,19.389,0.1425,31484.92,13.67894714,131,124.6430101,142,1856527,17,989524,17,847190,25,1364164,25,1364164
E07000111,Sevenoaks,318,56.87353822,54.38,118409,0.00361459,0.002685607,480.3143192,11.648,0.031,24266.14,14.82104222,152,125.168207,143,5501833,18,613021,10,506988,28,864844,28,864844
E07000068,Brentwood,139,30.78284337,59.15,76057,0.002537571,0.001827577,404.7338624,9.881,0.0012,20837.46,9.520567346,36,125.1767404,144,2524701,11,1182544,11,1130804,17,1353235,20,1378465.45
E07000201,Forest Heath,83,2.445526893,64.97,63691,0.002072506,0.001303167,38.39674197,18.016,0.0295,24890.69,7.981151935,16,125.3105138,145,4271406,9,63060,7,112339,17,383414,18,447662
E07000229,Worthing,133,21.43814855,52.99,107736,0.00176357,0.001234499,198.9877901,17.449,0.08,27303.03,13.56206597,130,125.8823974,146,1836287,16,153383,15,417422,30,760876,32,807369
E07000154,Northampton,299,63.37644916,58.38,222462,0.001730633,0.00134405,284.8866285,24.306,0.2743,31175.93,28.01766785,202,125.9436122,147,18055488.5,24,1091588,16,1096814,32,1296293,36,1314409
E07000169,Selby,178,18.46945674,59.17,85961,0.002466235,0.002070706,214.8585607,12.86,0.0339,25153.39,10.84233642,68,126.1308782,148,935062,11,100941,2,15276,14,210481,14,210481
E07000099,North Hertfordshire,287,33.91743654,45.63,131696,0.003151197,0.002179261,257.5434071,11.616,0.0244,23660.3,16.61685566,172,126.175857,149,17718376,33,911114,15,761851,40,1142713,40,1142713
E07000214,Surrey Heath,140,17.49977967,50.98,88067,0.002611648,0.001589699,198.7098422,7.731,0.0058,20810.36,11.15522394,74,126.6674684,150,4560239,21,413106,14,650121,34,935062,34,935062
E07000153,Kettering,168,10.90670328,60.99,97650,0.002171019,0.00172043,111.6917899,18.927,0.1615,30032.24,12.3938859,103,126.9215146,151,1394346,13,914770,12,1230811,21,1397597,21,1397597
E07000136,Boston,147,21.05892844,75.56,66902,0.002316822,0.002197244,314.7727787,24.367,0.1956,28742.93,8.504571688,22,127.1198423,152,3755777,35,1654961,17,1388123,40,1716837,40,1716837
E07000218,North Warwickshire,87,2.680307015,66.88,62787,0.002213834,0.001385637,42.68888488,16.482,0.05,26239.48,7.983135751,17,127.1463161,153,1960916,11,427939,4,370646,15,563533,15,563533
E07000064,Rother,243,30.9559914,58.53,92908,0.003508847,0.002615491,333.1897296,18.554,0.0883,28240.09,11.81587498,88,127.1782299,154,286830,12,138320,9,305373,20,500860,20,500860
E07000118,Chorley,159,12.88282713,56.83,112969,0.001788101,0.001407466,114.0386047,17.41,0.1288,29434.5,14.37970871,147,127.2889794,155,10532778,11,372158,6,846965,19,1126939,19,1126939
E07000239,Wyre Forest,170,7.717689379,63.15,99503,0.002180839,0.001708491,77.56237881,22.066,0.195,30344.51,12.74888141,112,128.1255983,156,2237045,25,1036044,9,1006178,31,1367443,31,1367443
E07000065,Wealden,365,54.54720552,54.5,156501,0.003437678,0.002332253,348.5422171,11.23,0.0211,22241.59,20.10480457,194,128.4643841,157,2091468,8,78589,6,334210,15,401117,15,401117
E07000035,Derbyshire Dales,263,37.65654316,51.56,71145,0.004961698,0.003696676,529.292897,12.261,0.0225,20811.97,9.143091516,30,128.5134797,158,93481,8,70457,7,572702,20,1450498,20,1450498
E07000069,Castle Point,78,4.848313505,72.7,89173,0.001155058,0.000874704,54.36974763,16.632,0.0695,27852.66,11.46040678,82,128.5187981,159,998402,19,1661321,11,4257861,50,6586275,52,6606275
E07000121,Lancaster,258,17.44069866,51.08,142283,0.002635592,0.001813288,122.5775297,23.321,0.2117,32074.9,18.30297579,182,128.637826,160,19224394.82,20,164529,8,82030,22,184667,23,204667
E07000077,Uttlesford,285,32.07511572,50.68,85119,0.004464338,0.003348254,376.8267451,9.668,0,16662.65,10.95126958,69,128.658344,161,2418833,16,595886,9,571553,21,963375,21,963375
E07000191,West Somerset,158,4.61835066,60.59,34403,0.005551841,0.004592623,134.2426724,23.293,0.06,25533.34,4.432952467,1,128.8536601,162,2504421,8,75025,2,15980,11,174405,11,174405
E07000033,Bolsover,52,1.796836418,70.83,77780,0.001041399,0.000668552,23.10152247,24.778,0.2021,29282.26,10.04374295,45,129.1301485,163,174405,14,126297,2,29710,19,234867,19,234867
E07000211,Reigate and Banstead,248,39.3498552,50.49,144100,0.002532963,0.001721027,273.0732491,10.344,0.0084,22043.9,18.74060429,185,130.0527709,164,953069.82,7,552304,4,649839,11,642652,12,782652
E07000042,Mid Devon,320,21.31035965,53.34,79510,0.004930197,0.004024651,268.021125,17.128,0.0266,24644.05,10.35855064,56,130.2798471,165,1280481,5,33981,5,35786,8,126231,8,126231
E07000215,Tandridge,188,42.68211477,52.84,86025,0.003615228,0.002185411,496.1594277,10.585,0,19013.31,11.2481935,80,130.7549375,166,400951,26,1196305,13,744066,31,1415034,31,1415034
E07000119,Fylde,117,18.13316259,56.96,77322,0.00225033,0.001513153,234.5149193,14.375,0.049,26359.81,10.1709255,49,131.5398658,167,3505051,9,101243,8,153619,15,246830,18,286830
E07000046,Torridge,217,8.246325771,60.83,66265,0.003893458,0.00327473,124.4446657,23.201,0.1069,28101.24,8.776980007,26,132.4527278,168,908512,16,177998,8,145806,21,337020,21,337020
E07000145,Great Yarmouth,115,8.524480304,71.5,98667,0.001520265,0.001165537,86.39646796,32.369,0.3507,32694.39,13.13421969,118,133.1166417,169,2257316,7,68712,3,39545,8,78661,8,78661
E07000165,Harrogate,471,49.42162599,49.03,157016,0.003846742,0.002999694,314.7553497,10.373,0.014,20564.46,20.94409755,196,133.3883015,170,822464,22,203833,5,36986,27,358674,28,366174
E07000142,West Lindsey,222,8.880066352,61.82,92812,0.002898332,0.002391932,95.67799802,19.235,0.1308,30243.76,12.39895446,104,133.5921482,171,531232,24,1457330,8,546473,27,1474909,27,1474909
E07000166,Richmondshire,209,9.563426348,56.78,52510,0.004494382,0.003980194,182.1258112,13.349,0.0231,21681.62,7.016627515,9,133.6245956,172,1933821,19,1133684,9,1026133,19,1133684,19,1133684
E07000125,Rossendale,87,3.618637316,60.68,69487,0.001654986,0.001252033,52.07646489,23.155,0.1965,30137.29,9.315824673,34,134.0657198,173,34412385,11,81731,8,91528,18,353607,18,353607
E07000217,Woking,180,40.13535824,43.85,99435,0.002564489,0.001810228,403.6341152,9.875,0.0137,21239.91,13.4881179,126,135.6475879,174,15276748.41,31,3826799,15,743332,37,4161871,38,4181871
E07000114,Thanet,197,28.74123864,63.85,139772,0.001624073,0.001409438,205.629444,31.619,0.3503,32673.95,19.17914381,188,137.2173526,175,176117,16,1489401,12,1539812,29,1856527,29,1856527
E07000030,Eden,292,27.62876756,53.32,52565,0.006239893,0.005555027,525.6114822,15.411,0,20660.91,7.216920828,11,137.2951741,176,15085437,16,623091,10,557220,19,644450,19,644450
E07000150,Corby,46,3.737612795,64.25,66854,0.000912436,0.000688067,55.90709299,25.765,0.2563,31128.16,9.181526726,33,137.336984,177,1039468,29,1788673,26,2778547,45,3242888,45,3242888
E07000110,Maidstone,301,53.6211665,58.75,164499,0.002486337,0.001829798,325.9665196,15.56,0.0716,27750.01,22.97135878,199,139.6443673,178,262492,12,807594,4,822602,18,1133060,18,1133060
E07000123,Preston,217,23.63341693,53.31,141302,0.002094804,0.001535718,167.2546527,27.404,0.3449,31503.9,19.85259504,192,140.4976224,179,428483,6,58595,5,48855,7,63966,7,63966
E07000061,Eastbourne,129,41.23343254,57.33,102465,0.001893329,0.001258966,402.4148006,21.322,0.1505,29511.65,14.45308864,148,141.0539076,180,2369320,13,101245,6,55566,15,110920,15,110920
E07000138,Lincoln,130,41.29869798,56.94,97065,0.001792613,0.001339309,425.4746611,28.924,0.3193,32090.6,13.75407321,134,141.6996158,181,879847,23,189453,15,407121,30,610301,31,612301
E07000207,Elmbridge,217,54.77897582,40.47,132670,0.002751187,0.001635637,412.8964786,7.527,0.0035,19426.91,19.08520987,187,143.8547514,182,337020,10,84070,6,129102,12,209070,12,209070
E07000148,Norwich,246,114.9397309,43.76,138872,0.002585114,0.001771415,827.6667068,28.785,0.3872,31251.08,19.98554066,193,143.9133926,183,806134,21,1798444,17,1874292,32,2290031,35,2342311
E07000223,Adur,65,25.66921835,54.57,63429,0.001576566,0.001024768,404.6921495,18.275,0.0897,26989.89,9.146009519,31,144.1928695,184,644450,13,113644,6,43344,16,194885,17,197885
E07000010,Fenland,143,11.28118855,71.39,99171,0.00182513,0.001441954,113.7549137,25.362,0.2114,30023.77,14.32022813,146,144.3993519,185,1076569,4,32311,1,2311,6,110410,6,110410
E07000008,Cambridge,300,369.3318421,26.15,130907,0.003957008,0.002291703,2821.329968,13.75,0.0325,24954.41,18.92655731,186,144.5801776,186,5102609.75,16,424747,8,310966,20,626246,20,626246
E07000073,Harlow,76,10.67245002,68.1,85397,0.001416912,0.000889961,124.974531,23.558,0.1237,27468.4,12.35842985,101,144.7173771,187,194155,38,1113034,23,906067,48,1525045,48,1525045
E07000168,Scarborough,255,25.11673048,61.99,107902,0.002817371,0.002363256,232.7735397,25.235,0.2335,31914.49,15.76411054,165,146.0965556,188,234867,22,529047,16,696378,35,1102852,36,1221852
E07000066,Basildon,171,17.42234461,68.62,181721,0.001276682,0.000941003,95.87414008,23.618,0.2529,31046.28,26.9417872,201,148.2590741,189,2342311,11,571602,5,37122,12,581121,13,587621
E07000167,Ryedale,215,30.45661838,55.26,53052,0.004919701,0.004052628,574.0899189,15.461,0,21031.04,7.899570912,15,148.9024148,190,7008647.8,9,78059,3,43955,11,109793,13,115293
E07000112,Shepway,207,20.66314409,62.25,110034,0.002253849,0.001881237,187.7887207,22.821,0.1704,30534.59,16.41036434,171,149.1390328,191,3242888,24,1570787,15,1186963,33,4283114,34,4283314
E07000120,Hyndburn,74,7.60948099,66.19,80228,0.001233983,0.000922371,94.84819502,32.102,0.4244,31956.61,12.15677014,95,151.5277726,192,8934604,18,137601,7,261644,23,388562,24,395298
E07000047,West Devon,193,12.05968699,53.2,54385,0.004486531,0.003548773,221.746566,17.846,0.0044,22544.13,8.269058588,20,152.0466781,193,1065068,16,879529,4,770967,19,981940,19,981940
E07000202,Ipswich,202,37.59926343,58.26,135600,0.002087021,0.001489676,277.2807038,26.093,0.3079,30868.92,20.7208546,195,152.8086622,194,782652,38,358343,12,155952,40,435821,42,439821
E07000178,Oxford,391,432.1327701,29.73,159574,0.003891611,0.002450274,2708.03997,17.946,0.1134,28497.74,24.49793888,200,153.5208673,195,1221446,14,648825,7,655573,15,725125,15,725125
E07000062,Hastings,124,20.8575918,54.88,91497,0.001847055,0.001355236,227.959297,33.114,0.403,32408.28,14.14975021,140,154.6471492,196,6670315.23,17,159015,7,66140,18,273391,18,273391
E07000053,Weymouth and Portland,114,5.976887281,61.04,65166,0.002194396,0.001749379,91.71787866,23.573,0.2073,30967.65,10.10522388,46,155.0689605,197,1397597,37,1920492,15,1742914,44,2418833,44,2418833
E07000122,Pendle,96,8.354274113,63.15,90111,0.001320593,0.001065353,92.71092445,29.62,0.3972,31472.43,14.10683125,139,156.5494917,198,1466033,20,33426162,13,34095576,26,33711332,31,34412385
E07000027,Barrow-in-Furness,83,6.911474897,60.62,67515,0.001466341,0.001229356,102.3694719,31.4,0.3794,32609.2,10.71536036,64,158.7108103,199,4502034,20,180669,5,48034,29,405071,29,405071
E07000103,Watford,100,12.2980096,50.27,96403,0.001815296,0.001037312,127.5687437,15.723,0.0306,24973.26,15.81593914,166,164.0606531,200,2117208,5,29550,24,307226,12,483899,40,523038
E07000117,Burnley,80,27.58055935,66.61,87371,0.001190326,0.000915636,315.671783,36.05,0.4843,32639.08,15.36717899,158,175.8842063,201,2459872.5,24,2231303,77,3261944.23,53,5702770,118,6670315.23
E09000032,Wandsworth,187,32.22455096,24.97,314544,0.001917061,0.000594511,102.4484681,18.295,0.0716,27081.7,182.3300446,264,579.664672,202,1716837,11,575316,26,1033821,20,1221916,39,1358100
E06000040,Windsor and Maidenhead,277,102.1706646,46.1,147708,0.003066862,0.001875322,691.7070477,8.857,0.0014,19539.76,86.04472385,208,582.5325903,203,41284,12,1602768,22,1222171,15,2031241,38,2170909.9
E06000014,York,349,44.85007271,41.96,206856,0.002934408,0.001687164,216.8178477,12.219,0.0591,26548.36,123.5235768,222,597.1476621,204,2685870,12,96037,22,2025206,19,2063164,34,2183447
E09000026,Redbridge,182,41.07642171,46.03,296793,0.001637505,0.000613222,138.4009114,20.242,0.0841,27349.78,186.3380495,266,627.8384244,205,2084569,26,441293,16,385817.82,33,894819,38,953069.82
E09000006,Bromley,274,22.94744067,49.35,324857,0.002117855,0.000843448,70.63859073,15.164,0.0986,28696.08,204.8622123,274,630.6227426,206,1152520,15,112568,8,45327,20,151365,23,167365
E08000009,Trafford,179,56.11849355,42.31,233288,0.001877508,0.000767292,240.5545658,15.388,0.1021,29199.11,148.6553337,243,637.2180897,207,108186,40,1821000,21,1697215,47,2271651,49,2324271
E09000004,Bexley,164,18.62791523,62.95,242142,0.001478471,0.000677289,76.92971575,16.17,0.0709,26868.11,157.7798254,249,651.6004055,208,982494,26,185741,16,833674,35,1023516,35,1023516
E09000017,Hillingdon,243,31.60327714,56.37,297735,0.001605455,0.000816162,106.1456568,18.108,0.0741,26163.05,194.5063118,271,653.2866872,209,563533,10,76949,6,33582,10,76949,11,77449
E06000007,Warrington,203,18.38291916,54.27,207695,0.001569609,0.000977395,88.50920417,19.312,0.1849,30962.25,136.4175743,233,656.8168434,210,1654603,8,67662,2,29160,9,457701,10,478701
E06000030,Swindon,170,8.837619717,54.66,217160,0.001648554,0.000782833,40.69635162,17.857,0.1459,30018.55,143.1371487,237,659.1322007,211,587621,13,996189,10,1127176,21,1638744,21,1638744
E06000022,Bath and North East Somerset,335,47.53076367,42.15,184874,0.003158908,0.001812045,257.0981516,12.094,0.0421,25352.82,122.1065588,219,660.485297,212,2934087,22,1836432,13,1761611,26,1952416,27,1960916
E09000018,Hounslow,166,15.59577309,48.94,268770,0.001562674,0.000617628,58.02646534,22.469,0.114,27816.5,178.5868732,261,664.4598475,213,46937,11,83693,4,30450,16,116411,17,176117
E06000032,Luton,106,23.74093746,56.55,214710,0.001425178,0.000493689,110.5721087,27.577,0.3138,30209.53,143.6812947,238,669.1877169,214,500860,8,507152,2,18740,10,547162,10,547162
E08000034,Kirklees,443,58.15193272,54.67,434321,0.001480472,0.001019983,133.891598,23.964,0.2514,30776.94,290.8267532,314,669.6124599,215,314275,16,488558,10,517240,24,961401,25,967901
E06000035,Medway,266,29.17463928,64.08,276492,0.001414146,0.000962053,105.517119,22.332,0.1964,30464.13,185.3041538,265,670.1971623,216,5424501,9,488756,4,28975,11,497847,12,509292
E06000029,Poole,97,11.43830575,58.17,150577,0.001593869,0.000644189,75.96316669,15.219,0.0615,26641.2,101.148049,210,671.7363807,217,4614725,7,710470,3,65707,10,775770,10,775770
E09000016,Havering,155,11.35221671,69.66,249085,0.001457334,0.000622278,45.57567381,17.876,0.1003,28130.94,169.584424,254,680.8295321,218,88984,11,279634,7,305038,13,352334,13,352334
E06000025,South Gloucestershire,341,30.63831426,52.68,274661,0.002013391,0.00124153,111.549562,11.358,0.0104,22791.91,187.2251952,267,681.6591915,219,405071,2,19537,,,3,51368,3,51368
E06000054,Wiltshire,1333,104.6808453,52.49,486093,0.003818199,0.002742274,215.3514766,13.466,0.036,25149.75,332.4811292,317,683.9866635,220,1037105.86,14,693073,20,1270184,29,1500430,29,1500430
E06000049,Cheshire East,353,29.58026921,51.18,375392,0.002213686,0.00094035,78.79834735,14.132,0.0851,28462.37,257.1802966,303,685.0979685,221,61068,17,902304,8,2964703,22,3505051,22,3505051
E08000029,Solihull,233,44.06413763,56.16,210445,0.001943501,0.001107178,209.3855289,17.238,0.1711,31358.52,144.2050024,239,685.2384347,222,115293,9,74122,8,290500,15,445860,15,445860
E06000036,Bracknell Forest,118,49.46529648,53.94,118982,0.001748164,0.000991747,415.737645,10.462,0.0031,20267.26,81.94435483,206,688.7121987,223,2691169,8,469280,11,647404,19,959330,23,1482178
E06000039,Slough,67,4.953016572,54.33,145734,0.001008687,0.000459742,33.986692,22.873,0.1118,27017,100.4271022,209,689.1123705,224,3110367,11,982616,10,986179,18,1362842,19,1382842
E06000028,Bournemouth,123,17.80538767,54.88,194516,0.001557712,0.000632339,91.53687959,21.847,0.1742,30164.17,134.5348908,230,691.6392009,225,4283314,3,168134,8,916881,11,1090089,14,1095089
E08000035,Leeds,698,173.897745,49.69,774060,0.001523138,0.000901739,224.6566739,26.623,0.3135,32265.66,536.174986,325,692.678844,226,167365,4,30739,4,83000,7,63739,8,113739
E09000003,Barnet,381,93.14938362,37.77,379691,0.00435354,0.001003448,245.3294485,17.813,0.0861,27378.89,263.2425506,307,693.3073225,227,2095658,13,965053,17,922862,16,1114119,24,1153188
E06000041,Wokingham,277,68.9181339,43.31,160409,0.002755456,0.001726836,429.6400694,5.652,0,15515.21,111.3895164,212,694.4093935,228,395298,5,39989,12,391239,16,481247,22,531232
E09000015,Harrow,232,54.28323842,45.37,247130,0.002399547,0.000938777,219.6545884,14.302,0.0245,24401.09,171.7019554,256,694.7839412,229,455017,10,621310,12,712944,18,843144,22,982494
E06000011,East Riding of Yorkshire,601,26.15594295,60.4,336685,0.002313735,0.001785051,77.68668919,15.792,0.0916,29370.34,234.1406542,293,695.4294198,230,13046988,2,18850,4,24000,3,27510,9,88984
E06000042,Milton Keynes,268,24.21582003,51.41,261762,0.002154629,0.001023831,92.51083056,18.029,0.1285,30048.71,182.0517189,263,695.485666,231,652426,6,52536,4,49814,9,179966,10,204966
E06000034,Thurrock,132,16.14791881,72.28,165184,0.00127131,0.000799109,97.75716056,21.603,0.1323,29008.75,115.0560263,215,696.532511,232,3493828,4,436896,4,456850,9,917473,12,931593
E06000015,Derby,187,22.69127217,57.22,254251,0.001455255,0.000735494,89.24752379,27.79,0.3365,32078.24,177.9312249,259,699.825074,233,882956,3,19789,6,99510,7,205217,10,222446
E06000013,North Lincolnshire,203,7.904481269,66.3,169820,0.001607585,0.001195383,46.54623289,21.363,0.1874,31014.27,119.1760439,217,701.7786121,234,1468177,10,88067,14,142459,14,204253,20,283282
E06000056,Central Bedfordshire,220,8.059830064,56.13,274022,0.002620228,0.000802855,29.41307656,12.201,0.0402,25498.55,193.0895747,269,704.6498993,235,138326,4,37943,5,111276,7,60982,9,150982
E08000027,Dudley,262,22.19849826,67.6,316464,0.001431442,0.000827898,70.14541389,22.958,0.2329,30827.61,223.1469257,287,705.1257827,236,1187049,16,144155,4,39404,17,194155,17,194155
E08000002,Bury,159,13.83949697,54.12,187884,0.001777693,0.000846267,73.65979525,21.769,0.1976,30877.23,132.5786297,229,705.6408726,237,170117,22,669559,9,681523,30,1055858,31,1065068
E06000045,Southampton,158,55.36752476,53.8,249537,0.00141462,0.000633173,221.8810227,26.878,0.2675,31309.92,176.2121763,257,706.1565071,238,887269,20,2879768,10,4208550,33,4614725,33,4614725
E06000044,Portsmouth,120,37.77372189,58.08,211758,0.001341154,0.000566685,178.3815577,27.054,0.2436,31896.74,149.6626877,245,706.7628505,239,891999,23,848966,11,819383,31,1165428,32,1170428
E06000051,Shropshire,822,100.4376894,56.87,311380,0.003587257,0.002639861,322.5566491,16.689,0.041,25607.96,220.188185,283,707.1365695,240,78661,23,202453,16,395463,38,763256,41,894256
E08000010,Wigan,173,15.45075591,63.9,322022,0.000850874,0.00053723,47.98043584,24.857,0.2814,31571.14,229.0192436,289,711.1912962,241,366174,6,51907,7,72009,11,97691,11,97691
E06000024,North Somerset,322,14.38597883,52.17,209944,0.002391114,0.001533742,68.52293388,15.783,0.1103,30439.06,149.4067132,244,711.6503125,242,1424545,7,47401,8,207479,18,428255,18,428255
E06000033,Southend-on-Sea,183,22.85151585,58.08,178702,0.001566854,0.001024051,127.8749866,24.516,0.2544,31443.65,127.181107,227,711.6938087,243,1133060,10,82917,7,100355,16,266135,17,326135
E08000036,Wakefield,242,51.52434292,66.36,333759,0.001075626,0.000725074,154.3758907,26.892,0.3081,31627.66,237.6179872,295,711.9448081,244,197885,3,383500,1,363500,4,483500,4,483500
E09000024,Merton,157,21.6962014,37.06,204565,0.002141129,0.000767482,106.0601833,14.93,0.0446,25751.35,145.7723798,241,712.5968753,245,1358100,7,42475,10,638741,20,810108,20,810108
E09000010,Enfield,238,34.00432219,44.18,328433,0.001635037,0.000724653,103.5350351,26.994,0.3196,30527.56,234.5199977,294,714.0573502,246,1126939,9,151121,8,850240,15,857512,17,908512
E08000026,Coventry,232,48.06186401,55.6,345385,0.001424497,0.000671714,139.1544624,28.107,0.3189,32041.03,246.7451972,297,714.4062342,247,2324271,10,85286,14,435531,20,440526,22,549785
E06000031,Peterborough,208,23.7539284,60.89,193980,0.001732137,0.001072275,122.4555542,27.659,0.3596,30952.2,139.5771194,234,719.5438674,248,547162,6,51780,5,36500,8,463499,9,473499
E08000033,Calderdale,266,22.60688395,55.68,208402,0.001837794,0.001276379,108.4772888,24.607,0.2505,31554.94,150.3971738,246,721.6685723,249,1389740.5,25,628486,19,512887,28,998402,28,998402
E06000004,Stockton-on-Tees,120,22.03582354,61.73,194803,0.00116528,0.000616007,113.118502,24.625,0.2799,32202.56,141.0499055,236,724.0643394,250,6246801.06,6,38896,3,69180,9,108186,9,108186
E09000021,Kingston upon Thames,140,24.86163141,38.39,173525,0.002005475,0.0008068,143.2740609,11.125,0.0132,21320.23,125.8412036,225,725.2050344,251,2160869,23,1031349,18,763771,31,3144458,33,3181320
E09000008,Croydon,265,41.2903482,45.71,379031,0.001960262,0.000699151,108.9365994,23.643,0.2138,29514.5,275.2968683,312,726.3175527,252,13649333,28,377332,13,579802,31,767332,31,767332
E09000002,Barking and Dagenham,84,3.184951825,62.44,201979,0.001599176,0.000415885,15.76872757,34.635,0.5271,29859.66,146.9580008,242,727.590496,253,204966,24,1002275,15,898423,30,3131973,30,3131973
E06000020,Telford and Wrekin,171,20.21702552,63.22,171159,0.001495685,0.000999071,118.11839,24.852,0.2598,31579.63,124.774696,223,728.9987439,254,739723,11,355932,8,488424,17,734723,18,739723
E08000017,Doncaster,259,25.1020768,68.96,304813,0.001151526,0.000849701,82.35238261,29.051,0.3569,31729.27,222.5501096,285,730.1201379,255,445860,14,462391,10,533241,23,1399083,26,1469063
E06000050,Cheshire West and Chester,354,27.39424223,50.68,333917,0.002548538,0.001060144,82.03907627,18.086,0.1571,30341.62,245.3905522,296,734.8848732,256,1998105,18,769110,6,419656,22,1045003,22,1045003
E06000026,Plymouth,245,40.57913425,59.94,262712,0.001537806,0.00093258,154.4624313,26.643,0.3,31740.58,193.7179461,270,737.3776078,257,967901,10,95962,6,204401,13,338667,13,338667
E06000037,West Berkshire,315,54.3595048,48.22,156020,0.003300859,0.002018972,348.4136957,10.242,0.0106,20683.13,115.0886227,216,737.6530105,258,509292,129,2513767,37,1851209,150,4144022,152,4164022
E08000007,Stockport,202,52.73632607,47.67,288733,0.001600094,0.000699608,182.6473803,19.108,0.1486,31136.43,213.4068506,279,739.1148591,259,338667,29,292466,20,573024,46,3025288,47,3125288
E09000009,Ealing,213,54.02569494,39.6,343059,0.001821844,0.000620884,157.4822259,23.585,0.1949,29338.89,255.0550482,302,743.4728376,260,2841242,184,8436310,143,9401183.82,271,15699553,289,19224394.82
E08000032,Bradford,539,59.95661027,54.23,531176,0.001558805,0.00101473,112.8752245,33.168,0.4498,32407.85,396.3488649,319,746.172389,261,3174880.9,32,1000146,10,584307,44,1221446,44,1221446
E08000016,Barnsley,191,13.24909989,68.31,239319,0.001128201,0.000798098,55.36167162,29.568,0.3662,31798.97,178.7931188,262,747.0911996,262,2026531,33,1979444,24,2431913,50,2924587,51,2934087
E08000001,Bolton,193,118.1134521,58.29,281619,0.001288976,0.000685323,419.4086766,28.42,0.3775,31900.23,211.7249445,278,751.8134235,263,1170428,89,1296113,33,1289346,115,2638479,117,2691169
E08000019,Sheffield,592,140.5781368,50.99,569737,0.001688498,0.001039076,246.7421579,27.568,0.343,32188.9,428.5990953,321,752.2753398,264,2464434,38,1261693,15,2179324,51,2841242,51,2841242
E09000031,Waltham Forest,147,33.0586886,40.9,271170,0.00157097,0.000542095,121.9113051,30.19,0.3252,30404.3,205.6397949,276,758.3427182,265,1482178,38,621855,10,749266,45,1155629,46,1175629
E09000029,Sutton,144,22.19047169,53.72,200145,0.001863649,0.000719478,110.8719763,14.579,0.0606,26912.98,152.3985245,248,761.4405781,266,3809211.5,54,2482985,35,2063074,70,2990838,89,3137735
E06000043,Brighton and Hove,249,85.86747747,31.38,285276,0.002145291,0.000872839,300.9979019,23.441,0.2018,31364.98,217.3625843,281,761.9378577,267,931593,65,2122173,25,1835641,76,2411178,77,2484178
E06000005,Darlington,88,9.81509254,56.18,105389,0.00141381,0.000835002,93.13203978,23.639,0.2438,31736.09,80.54604067,205,764.2736972,268,930438,33,1395524,13,939169,39,1836287,39,1836287
E09000005,Brent,138,17.36146023,40.26,324012,0.00176228,0.00042591,53.58276925,26.655,0.2296,30467.61,247.7015926,298,764.4827741,269,1364164,164,6276656,113,7765832,219,9719253,227,10532778
E08000018,Rotherham,182,20.79158552,67.89,260786,0.001150369,0.00069789,79.72661692,28.279,0.3231,32267.14,199.661177,272,765.6130966,270,1784634.45,27,1257832,7,754848,34,1998105,34,1998105
E06000012,North East Lincolnshire,118,9.804835645,69.87,159570,0.00107163,0.000739487,61.44535718,30.898,0.3805,32621.31,122.788118,221,769.493752,271,1175629,51,1201229,24,1342768,69,2095658,69,2095658
E08000008,Tameside,142,29.60556063,61.14,221692,0.00106454,0.000640528,133.543658,29.38,0.3631,31652.21,170.9562283,255,771.1429745,272,775770,62,1863629,26,1845831,80,2995642,86,3233129
E06000019,"Herefordshire, County of",541,72.59813198,59.22,188099,0.004035109,0.002876145,385.9570332,19.737,0.0702,27522.77,145.1801929,240,771.8286269,273,222446,45,1831834,19,1278720,53,2156641,53,2156641
E06000038,Reading,170,25.33964795,41.97,161739,0.002213443,0.001051076,156.6699927,19.319,0.1137,28061.24,125.0799714,224,773.3445329,274,1023516,69,2975110,26,2008771,84,3594917,88,3705417
E06000047,County Durham,665,65.67921271,57.55,519695,0.001660589,0.001279597,126.3803052,25.741,0.2646,31246.44,402.0588405,320,773.6438498,275,2039165,79,3423839,31,4130264,94,4837659,98,5424501
E06000016,Leicester,188,23.37730287,48.92,342627,0.001558546,0.000548702,68.22959916,33.065,0.4175,32025.86,265.3683571,309,774.510932,276,943273,185,8700638,87,8525542,239,12285064,246,13046988
E08000013,St. Helens,120,12.91020116,58.02,177612,0.001035966,0.00067563,72.68766277,29.809,0.3729,32128.41,140.0171977,235,788.3318565,277,939400,79,8841579,268,9743710.99,127,12283595,470,15276748.41
E06000017,Rutland,114,55.25993122,50.57,38046,0.004179152,0.002996373,1452.450487,9.621,0,16795.13,30.06233113,203,790.1574707,278,1990303,44,3743148,88,4202714.62,62,4564502,151,5102609.75
E06000010,"Kingston upon Hull, City of",141,32.10352267,67.62,258995,0.001119713,0.000544412,123.9542179,41.235,0.5423,32690.77,205.1704672,275,792.1792591,279,351945,34,856964,65,1085939,43,998989,126,1389740.5
E06000023,"Bristol, City of",522,111.2786727,38.27,449328,0.002684008,0.001161735,247.655772,27.161,0.2901,32135.67,357.1502575,318,794.8542212,280,864844,45,1929483,110,2490901.5,68,2921491,190,3809211.5
E09000025,Newham,168,33.47222976,47.16,332817,0.001733685,0.000504782,100.572476,32.939,0.4197,30153.06,264.872146,308,795.8492084,281,208397,212,12509058,154,13219623,316,19440949,350,20694169
E08000014,Sefton,233,25.70472406,48.13,273707,0.001534488,0.000851275,93.91328706,25.732,0.2735,32177.11,218.6176269,282,798.7286657,282,1213461,61,2458962,37,2712501,91,3962872,92,4292872
E06000021,Stoke-on-Trent,117,12.22327836,69.36,251648,0.000937818,0.000464935,48.57292075,34.36,0.4882,32239.83,201.1246577,273,799.2301059,283,1378465.45,39,833945,24,756681,52,1055483,53,1058983
E08000015,Wirral,371,43.64684213,48.3,320900,0.001741976,0.001156123,136.0138427,26.892,0.3074,32458.74,258.9666933,305,807.0012256,284,1870630,55,1879215,36,1633579,78,3039118,80,3110367
E06000018,Nottingham,248,28.56238183,50.84,318901,0.001589835,0.000777671,89.56504316,36.927,0.5572,32235.74,257.3671613,304,807.044071,285,787464,44,905174,19,856921,59,1464577,61,1468177
E08000022,North Tyneside,143,12.67839253,53.4,202494,0.001442018,0.000706194,62.61120097,21.279,0.2001,30254.25,163.4371063,251,807.1207359,286,14611211,53,1606134,31,1541012,66,1916196,67,1949398
E06000052,Cornwall,1388,120.2525929,56.52,549404,0.003039658,0.002526374,218.8782624,23.833,0.1399,29658.96,444.7134448,324,809.4470459,287,3137735,37,1197237,20,1035509,56,2101088,61,2372088
E09000011,Greenwich,179,33.65618196,44.41,274803,0.002012351,0.000651376,122.473852,25.544,0.2287,29003.06,222.5612433,286,809.8937905,288,447662,122,8094823,92,9179936,176,10436115,183,11066992
E09000027,Richmond upon Thames,237,67.36177664,30.71,194730,0.002952806,0.00121707,345.9239801,10.037,0.0084,21254.97,157.7833845,250,810.2674703,289,54025,51,2202282,21,1757965,76,2792480,76,2792480
E08000025,Birmingham,835,365.8749081,50.42,1111307,0.001549527,0.000751368,329.2293742,37.768,0.5577,32300.7,901.9199439,326,811.5848671,290,2170909.9,103,3412249,27,2322258,120,3998404,121,4271406
E06000006,Halton,78,7.463786835,57.42,126528,0.001035344,0.000616464,58.98921057,31.943,0.4494,32271.27,102.7399712,211,811.9939555,291,2662590,147,12448624,99,14660557,222,17268560,233,17718376
E06000055,Bedford,161,55.68848074,51.78,166252,0.003187932,0.000968409,334.9642756,19.238,0.1453,29629,135.7490131,231,816.5255943,292,1949398,49,1937989,27,1389749,68,2635060,71,2662590
E08000004,Oldham,144,10.93141382,60.86,230823,0.001074416,0.000623855,47.35842537,30.291,0.4062,32200.79,188.6392106,268,817.2461609,293,2858970,57,2268227,92,3184112.5,77,3682819,210,5438743.5
E08000003,Manchester,298,246.1671569,39.64,530292,0.001595347,0.000561955,464.21058,40.512,0.5938,32571.18,434.6269101,322,819.599221,294,7196048,7,3680279,55,9492401,31,8627519,62,10046251
E08000028,Sandwell,138,23.62754506,66.72,319455,0.000910926,0.000431986,73.96204492,34.614,0.5161,31586.46,262.7210852,306,822.4040481,295,1045948,23,1681841,17,2355517,31,2503069,37,2894765
E06000008,Blackburn with Darwen,135,18.89628083,56.34,146846,0.001477739,0.00091933,128.6809367,34.189,0.5001,32336.37,120.8085076,218,822.6884464,296,894256,43,2593194,47,2981546,59,3367768,82,4095346
E08000030,Walsall,175,16.91924201,67.86,276095,0.001090204,0.00063384,61.28050856,30.37,0.4477,31516.97,227.5807288,288,824.284137,297,917237,14,867266,14,720343,22,1294179,24,1427979
E08000005,Rochdale,132,7.130403621,60.07,214195,0.001195173,0.000616261,33.28930937,33.684,0.4473,32370.91,177.7066376,258,829.6488602,298,1382842,28,1809211,39,2823946,47,9035238,60,9386476
E08000024,Sunderland,188,13.02003422,61.34,277150,0.001071622,0.000678333,46.97829414,29.725,0.3725,31877.19,232.4046438,292,838.5518448,299,283282,19,1134891,13,1240060,29,1617637,33,1719637
E09000023,Lewisham,185,33.02579576,30.14,297325,0.001853191,0.000622215,111.0764173,28.591,0.3141,29712.05,250.7969306,300,843.5110758,300,613910,45,6966257,149,31777857.12,121,17255760,199,45288476.12
E06000057,Northumberland,625,60.24420646,54.11,315263,0.00266127,0.001982472,191.0919025,20.525,0.1782,30553.86,266.0621148,310,843.9370139,301,110410,30,2212208,32,2563896,48,3294823,54,3483089
E09000014,Haringey,168,50.58715555,24.43,272864,0.002213557,0.000615691,185.3932932,31.043,0.4134,31184.54,230.8470466,291,846.0150353,302,1469063,25,1362180,23,1013945,39,1919219,44,1972029
E08000021,Newcastle upon Tyne,227,67.79364295,49.3,292883,0.001915441,0.000775054,231.470051,28.264,0.3496,32428.87,248.3414363,299,847.9202832,303,1199925.44,37,691812,25,971063,50,1467539,60,1757651
E06000027,Torbay,173,11.52126031,63.16,133373,0.001776971,0.001297114,86.38375316,28.788,0.3104,32060.71,113.0943742,213,847.9555397,304,1928978,38,1500195,27,1935464,55,2890102,67,3541021
E06000003,Redcar and Cleveland,108,5.176222422,66.19,135275,0.001197561,0.000798374,38.26444223,28.567,0.3394,32420.92,114.9803976,214,849.9752179,305,991024,96,8055167,166,23634939.5,173,21884542,218,24872556.5
E09000033,Westminster,289,483.1385441,31.03,242299,0.010181635,0.001192741,1993.976633,27.686,0.2943,31414.5,210.9434331,277,870.5914308,306,1367443,13,1411723,50,5623889,46,5544732,69,6271072
E08000031,Wolverhampton,173,29.95892946,62.57,254406,0.001159564,0.000680015,117.7603101,33.183,0.4921,31831.15,221.7803041,284,871.7573646,307,1474909,35,1149817,43,1682897,57,1935534.09,70,2257574.09
E08000006,Salford,161,24.93156947,56.81,245614,0.001799572,0.0006555,101.5071188,32.959,0.4339,32419.02,214.2885433,280,872.4606224,308,2183447,12,1125994,23,2123394,25,2413698,33,2613198
E06000002,Middlesbrough,74,5.068951518,65.48,139509,0.001118207,0.000530432,36.33422588,40.216,0.5604,32745.35,122.2758672,220,876.4729673,309,77449,19,1061014,16,1303755,24,1318840,28,1481740
E08000037,Gateshead,164,22.92799443,56.85,200996,0.001512468,0.000815937,114.0718941,25.932,0.2735,31346.78,178.1515707,260,886.3438611,310,22795914.34,10,89585,10,244688,18,631607,22,754707
E06000001,Hartlepool,68,3.023337859,69.57,92493,0.001081163,0.000735191,32.68720724,33.178,0.4589,32428.23,82.98212569,207,897.1719556,311,603056,14,625601,13,1044786,20,1138697,26,1491647
E09000022,Lambeth,212,47.95636611,21.38,324431,0.002595313,0.000653452,147.8168427,28.913,0.3069,29841.72,293.7203035,316,905.3398211,312,2484178,75,13929850,222,40532984,176,37607606,275,43385237
E06000046,Isle of Wight,289,30.77720541,61.95,139395,0.002474981,0.002073245,220.7913154,23.087,0.156,28875.42,126.5629606,226,907.9447656,313,5269517.54,25,8279771,45,5018651,46,10534922,66,13749397
E09000013,Hammersmith and Fulham,138,85.88497443,29.98,179410,0.002625272,0.000769188,478.7078448,24.362,0.2133,29782.95,163.9362499,252,913.75202,314,6753805,14,2028809,16,2305514,25,2518701,27,2524701
E08000012,Liverpool,354,61.58562317,41.81,478580,0.001815788,0.000739688,128.684072,41.126,0.5937,32666.4,437.851108,323,914.8963768,315,615156,76,5124475,177,16580152.2,136,13014518,273,18055488.5
E08000023,South Tyneside,83,4.433010428,62.05,148671,0.000860961,0.00055828,29.81758667,30.608,0.4319,31300.48,136.1861395,232,916.0235655,316,3233129,34,2659121,35,2849955,46,3290277,62,3755777
E06000009,Blackpool,68,3.526958447,67.46,139578,0.000802419,0.000487183,25.2687275,41.997,0.5075,32832.78,131.4157172,228,941.5217097,317,150982,11,657021,14,1157058,16,917162,26,1280481
E09000028,Southwark,227,94.52763098,27.19,308901,0.003311741,0.000734863,306.0127063,29.489,0.371,29502.65,291.3871381,315,943.3026701,318,54444,40,5205901,81,14065096,71,13798287,100,15085437
E09000030,Tower Hamlets,261,111.0840323,32.54,295236,0.002577599,0.000884039,376.2550377,35.657,0.5738,31114.69,282.8603706,313,958.0822481,319,2372088,23,554596,29,1598423,41,1855769,47,2084569
E09000012,Hackney,241,54.277776,21.52,269009,0.00451286,0.000895881,201.7693683,35.28,0.5155,31013.43,266.2609348,311,989.784486,320,3181320,12,98642,18,1324675,20,1420733,27,1654603
E09000019,Islington,201,67.16990025,24.78,227692,0.004773993,0.000882771,295.0033389,32.534,0.4186,30884.17,229.8929859,290,1009.666505,321,549785,56,3337320,136,11756478,130,11051848,195,13649333
E08000011,Knowsley,83,56.20716265,51.56,147231,0.000849006,0.00056374,381.7617394,41.387,0.5737,32701.91,150.489657,247,1022.132954,322,767332,10,510540,6,819161,15,842438,19,930438
E09000007,Camden,265,186.4558732,25.06,241059,0.006683011,0.001099316,773.4864627,24.959,0.253,29690.49,251.3908214,301,1042.860135,323,558195,71,6299456,123,12303534,134,11628926,185,14611211
E09000020,Kensington and Chelsea,170,86.58969065,31.31,157711,0.004565313,0.001077921,549.040274,23.376,0.2206,30574.41,166.2455625,253,1054.115201,324,401117,26,1656783,29,2517489,39,2176920,48,2858970
E06000053,Isles of Scilly,13,0.557949671,43.61,2324,0.006454389,0.005593804,240.081614,12.013,0,11056,4.757987393,2,2047.326761,325,3131973,31,2875113,49,6028138,61,5835279,75,7196048