oslaua,la_name,charity_count_local,charitable_spending_local,charitable_spending_local_rank,Region_Code,Region,Pct_Remain,Pct_Leave,Pct_Rejected,population,perhead_charity_count,perhead_charity_count_local,perhead_charitable_spending_local,perhead_charitable_spending_local_rank,IMD_average_score,IMD_rank_average_score,IMD_extent,IMD_concentration,public_ core_spend_m,public_ core_spend_m_rank,public_core_spend_per_head,public_core_spend_per_head_rank,threesixty_total_amount,threesixty_blf,threesixty_blf_amount,threesixty_charity,threesixty_charity_amount,threesixty_national,threesixty_national_amount,threesixty_total,threesixty_total_amount
E07000196,South Staffordshire,155,6.985005197,37,E12000005,West Midlands,35.15,64.85,0.07,110726,0.002059137,0.001399852,63.08369486,45,12.453,254,0.0162,23675.53,8.820536217,27,79.66093074,1,97691,18,1505941,18,1255416,26,1930349,38,2046931
E07000181,West Oxfordshire,369,14.95291366,105,E12000008,South East,53.66,46.34,0.07,108611,0.004566757,0.003397446,137.6740262,153,8.124,315,0,18522.08,8.751675754,24,80.57817122,2,1710133,30,1378106,34,1553545,45,2070586,56,2257316
E07000143,Breckland,411,14.27931766,97,E12000006,East,35.78,64.22,0.06,135480,0.003572483,0.003033658,105.3979751,102,19.789,142,0.0918,28134.2,11.58167802,85,85.48625642,3,622637,29,641728,18,617460,36,1060170,42,1152520
E07000144,Broadland,319,12.54095012,82,E12000006,East,45.63,54.37,0.06,126628,0.00301671,0.00251919,99.03773352,93,11.065,280,0,18734.92,11.12698349,73,87.87143041,4,428255,41,2223163,28,2647857,50,3009063,59,3174880.9
E07000164,Hambleton,338,12.36259064,81,E12000003,Yorkshire and The Humber,46.34,53.66,0.06,90035,0.004376076,0.003754096,137.3087204,152,12.67,250,0.0099,22828.33,7.984304163,18,88.68000403,5,981940,7,32302,18,689009,22,971198,42,1370403
E07000084,Basingstoke and Deane,333,24.65401063,172,E12000008,South East,48.1,51.9,0.07,173856,0.002680379,0.001915378,141.8070738,157,11.496,271,0.0113,23431.63,16.20091875,169,93.18584777,6,578470,18,687184,9,80286,24,750074,25,759074
E07000087,Fareham,160,13.36159675,91,E12000008,South East,44.9,55.1,0.05,114799,0.001907682,0.00139374,116.3912295,124,8.454,312,0.0073,20738.83,10.75350808,65,93.67248913,7,1173530,30,786875,9,758094,34,1045948,34,1045948
E07000086,Eastleigh,185,10.31697384,66,E12000008,South East,47.55,52.45,0.1,129027,0.002092585,0.001433808,79.95980562,68,10.015,295,0.0097,22692.97,12.09154262,93,93.71327412,8,352334,43,1535411,22,2005636,59,2880935,60,3070935
E07000132,Hinckley and Bosworth,141,5.16131049,26,E12000004,East Midlands,39.67,60.33,0.07,108769,0.001875534,0.001296325,47.45203587,24,12.782,246,0.0259,24388.67,10.2141911,51,93.90718955,9,2894765,35,1435168,17,1072979,43,2032369,46,2111369
E07000095,Broxbourne,97,4.79128721,19,E12000006,East,33.74,66.26,0.07,96217,0.001465438,0.001008138,49.79668052,28,17.294,177,0.0707,26756.38,9.049393794,29,94.05192216,10,4095346,76,2832130,39,3289833,102,4967273,105,5501833
E07000172,Broxtowe,133,7.466379621,42,E12000004,East Midlands,45.35,54.65,0.06,112253,0.001710422,0.001184824,66.51385371,47,14.306,218,0.0499,26244.12,10.81776433,67,96.36948972,11,2156641,56,1995193,20,977184,67,2307269,69,2325269
E07000179,South Oxfordshire,397,29.95468126,195,E12000008,South East,54.98,45.02,0.07,137412,0.004693913,0.002889122,217.9917421,206,8.56,309,0.0012,19075.38,13.26881503,121,96.5622728,12,2925739,53,1957636,25,1966927,59,2193320,62,2369320
E07000197,Stafford,283,37.40587839,216,E12000005,West Midlands,44.01,55.99,0.06,132488,0.002732323,0.002136043,282.334086,237,13.492,233,0.0612,26776.62,12.86236656,114,97.08325705,13,534936,20,709936,8,650170,24,806134,24,806134
E07000180,Vale of White Horse,429,86.76615158,302,E12000008,South East,56.7,43.3,0.07,126663,0.004815929,0.00338694,685.0157629,314,8.457,311,0.0067,16917.06,12.33250762,99,97.36472072,14,389687,35,2262979,35,2654002,50,3002491,56,3079143
E07000130,Charnwood,251,29.11760839,191,E12000004,East Midlands,46.19,53.81,0.09,176720,0.00216727,0.001420326,164.7669103,172,13.729,228,0.0489,26369.22,17.27641345,177,97.76150662,15,439821,39,2076345,35,2702762,63,3611932,66,3683932
E07000176,Rushcliffe,219,12.90205728,86,E12000004,East Midlands,57.55,42.45,0.09,114474,0.00258574,0.001913098,112.7073159,116,7.702,319,0,17477.97,11.20115294,77,97.84888219,16,2759532,58,1739730,43,2288825,86,4143239,89,4560239
E07000129,Blaby,114,4.158066694,16,E12000004,East Midlands,40.53,59.47,0.07,96544,0.001791929,0.001180809,43.06913629,17,10.374,288,0,19225.59,9.460395473,35,97.99050664,17,1209137,8,61068,4,24788,8,61068,8,61068
E07000034,Chesterfield,145,13.37617343,92,E12000004,East Midlands,39.96,60.04,0.08,104407,0.001685711,0.001388796,128.1156764,142,25.32,81,0.2714,30801.87,10.27563113,55,98.41898656,18,1427979,86,5147786,59,4426372,121,8551111,126,8934604
E07000032,Amber Valley,197,21.12264469,144,E12000004,East Midlands,39.72,60.28,0.06,124069,0.002240689,0.001587826,170.2491734,177,18.116,161,0.1023,28599.07,12.39185328,102,99.87872297,19,20694169,45,1897263,31,2598810,69,3457440,72,3577440
E07000199,Tamworth,60,2.499566214,4,E12000005,West Midlands,32.53,67.47,0.05,77141,0.001166695,0.000777797,32.40256432,7,20.251,137,0.1616,29927.65,7.707094265,13,99.90918273,20,1450498,17,913169,8,842890,18,921773,20,943273
E07000007,Wycombe,368,47.08448026,243,E12000008,South East,51.97,48.03,0.08,176028,0.002999523,0.002090576,267.4829019,231,10.106,293,0.006,21525.06,17.59845595,179,99.97532182,21,3070935,44,1658085,21,1619472,53,2026531,53,2026531
E07000209,Guildford,330,84.96678694,298,E12000008,South East,56.17,43.83,0.06,146080,0.003340635,0.002259036,581.6455842,303,9.392,302,0.0119,21816.34,14.84950721,153,101.6532531,22,2111369,24,1245572,35,2388012,42,2566356,58,2759532
E07000116,Tunbridge Wells,275,74.70544327,292,E12000008,South East,54.89,45.11,0.07,116241,0.00372502,0.002365775,642.6772246,310,10.975,282,0.0151,21891.6,11.85172287,90,101.9581978,23,124099,73,11558967,121,16806090,144,18094993,181,18585050
E07000083,Tewkesbury,213,14.74865431,102,E12000009,South West,46.75,53.25,0.06,86890,0.002957763,0.002451375,169.7393752,176,12.08,264,0.0233,23642.14,8.860041582,28,101.9684841,24,4164022,18,752423,12,817512,27,1049569,31,1076569
E07000238,Wychavon,323,14.54298638,99,E12000005,West Midlands,42.14,57.86,0.05,121520,0.003563199,0.002657999,119.6756615,128,16.001,194,0.0407,25472.36,12.42541985,105,102.2499988,25,126231,17,199697,17,315833,33,784639,41,887269
E07000177,Cherwell,289,39.34722859,222,E12000008,South East,49.69,50.31,0.09,145550,0.002761937,0.001985572,270.3347894,233,12.611,251,0.034,24992.8,14.92685547,156,102.5548297,26,1526600,41,3003932,27,2514823,66,4417869,68,4502034
E07000194,Lichfield,179,16.08348293,111,E12000005,West Midlands,41.19,58.81,0.06,102706,0.002473078,0.001742839,156.5973062,167,12.709,247,0.0351,24985.25,10.538097,62,102.6044924,27,191333,14,1263297,8,1203153,22,1397976,25,1870630
E07000012,South Cambridgeshire,506,194.9781651,321,E12000006,East,60.23,39.77,0.07,154888,0.004286969,0.003266877,1258.833254,321,8.053,316,0,15916,15.92775349,168,102.8340058,28,11066992,12,1030445,17,1361866,26,1467843,28,1526600
E07000204,St Edmundsbury,255,17.82424783,123,E12000006,East,43.38,56.62,0.07,112523,0.002781654,0.002266203,158.4053734,170,15.271,204,0.0188,23760.93,11.60729196,87,103.1548391,29,174542,13,846297,12,964194,16,886480,21,2117208
E07000040,East Devon,454,18.47181164,129,E12000009,South West,45.89,54.11,0.05,138141,0.004032112,0.003286497,133.7170836,147,12.698,248,0.0096,22506.86,14.2674266,144,103.2816224,30,1133684,15,729723,52,1457258.45,31,1603848,66,1784634.45
E07000198,Staffordshire Moorlands,182,4.998344552,24,E12000005,West Midlands,35.27,64.73,0.06,97881,0.002370225,0.001859401,51.06552397,30,15.217,207,0.0507,25986.66,10.15074974,47,103.7050065,31,9386476,40,862249,30,1216921,47,1079642,54,1466033
E07000156,Wellingborough,139,16.71810235,114,E12000004,East Midlands,37.58,62.42,0.09,77184,0.002215485,0.001800891,216.6006212,203,21.742,123,0.2144,30558.48,8.020879967,19,103.9189465,32,840332,34,1375823,20,1431137,53,2237045,53,2237045
E07000089,Hart,171,13.42174126,93,E12000008,South East,52.4,47.6,0.06,93912,0.002736604,0.001820854,142.9182773,158,5.009,326,0,11928.88,9.783818753,41,104.1807091,33,6736376,13,1534655,13,1576212,20,1910869,21,2160869
E07000038,North East Derbyshire,147,16.71115798,113,E12000004,East Midlands,37.22,62.78,0.05,99639,0.00183663,0.001475326,167.7170383,175,16.843,184,0.0875,27815.34,10.39627353,59,104.3394005,34,18585050,12,834815,6,922179,21,1213461,21,1213461
E07000085,East Hampshire,295,47.75351894,245,E12000008,South East,50.52,49.48,0.06,118077,0.00365863,0.00249837,404.4269328,271,8.609,308,0.0013,19312.61,12.33281675,100,104.4472399,35,353607,27,2050251,14,1850684,36,2494421,37,2504421
E07000050,North Dorset,214,30.86840948,201,E12000009,South West,43.6,56.4,0.06,70713,0.004086943,0.003026318,436.5308993,282,13.886,225,0,19141.72,7.386592657,12,104.4587651,36,1719637,5,87841,8,117533,7,176333,9,191333
E07000070,Chelmsford,341,95.17757528,306,E12000006,East,47.17,52.83,0.06,172638,0.002542893,0.001975231,551.3130092,301,12.413,256,0.0372,25463.46,18.03640962,181,104.4753161,37,473499,11,518518,30,566445.44,18,1052858,39,1199925.44
E07000036,Erewash,119,18.92559744,133,E12000004,East Midlands,38.77,61.23,0.05,114510,0.001510785,0.001039211,165.2746261,173,19.912,140,0.1709,29870.6,12.0395726,92,105.1399232,38,660986,19,2173992,26,2541077,31,2672394,38,2685870
E07000221,Stratford-on-Avon,340,23.50071908,162,E12000005,West Midlands,48.44,51.56,0.07,121522,0.003933444,0.002797847,193.3865397,189,11.41,272,0,19507.97,12.7930533,113,105.2735579,39,725125,11,493178,5,617264,16,879996,17,882956
E07000067,Braintree,307,13.58308475,94,E12000006,East,38.87,61.13,0.08,150360,0.002567172,0.002041766,90.33708932,80,15.313,202,0.0285,24713.72,15.85828767,167,105.4687927,40,807369,9,143765,9,121265,18,601636,23,615156
E07000037,High Peak,164,9.351963769,60,E12000004,East Midlands,49.45,50.55,0.06,91496,0.002480983,0.001792428,102.2117226,96,16.091,192,0.0707,27627.59,9.66343369,39,105.6159142,41,3125288,6,35644,4,11519,7,45644,10,54444
E07000222,Warwick,316,60.64731174,280,E12000005,West Midlands,58.78,41.22,0.08,139931,0.003408823,0.002258256,433.4086924,280,11.699,267,0.0204,23315.06,14.80971728,151,105.8358568,42,2792480,22,442636,10,336025,29,655664,31,822464
E07000228,Mid Sussex,276,77.52606514,294,E12000008,South East,53.09,46.91,0.07,145651,0.00306898,0.001894941,532.2727969,299,7.615,321,0.0031,18142.08,15.48975143,159,106.3484043,43,10856674,59,3123220,59,4396544,99,6463819,104,6736376
E07000227,Horsham,306,57.4224301,272,E12000008,South East,51.46,48.54,0.05,135868,0.003275238,0.002252186,422.6339543,277,9.765,299,0,19164.97,14.45330809,149,106.377573,44,45288476.12,40,1196636,28,1896349.5,61,2353985,68,2459872.5
E07000205,Suffolk Coastal,471,54.52887142,263,E12000006,East,47,53,0.05,125052,0.004526117,0.003766433,436.0495747,281,13.073,239,0.0206,23559.81,13.34276077,123,106.6976999,45,478701,23,1446512,17,1213351,40,2600316,44,6246801.06
E07000212,Runnymede,133,38.48888665,220,E12000008,South East,45.74,54.26,0.07,85594,0.002383345,0.001553847,449.6680451,283,10.943,283,0.0035,21312.66,9.151362419,32,106.9159336,46,923792,25,1362297,13,1313062,33,1491233,35,1497983
E07000152,East Northamptonshire,192,44.88280159,240,E12000004,East Midlands,41.24,58.76,0.06,89746,0.002718784,0.002139371,500.1092148,293,14.154,222,0.038,25214.84,9.596430344,38,106.9287806,47,2061026,130,5319303,101,5367314,184,8016683,239,8597301.54
E07000124,Ribble Valley,145,23.63706807,165,E12000002,North West,43.61,56.39,0.07,58480,0.003009576,0.00247948,404.1906305,270,10.185,292,0,18562.51,6.293589667,6,107.6195223,48,494050,53,2238226,28,2052120.65,65,2566312,74,2668638.65
E07000151,Daventry,252,10.91925484,72,E12000004,East Midlands,41.4,58.6,0.08,80014,0.003811833,0.003149449,136.4668038,151,13.502,232,0.048,26319.21,8.62280108,23,107.7661544,49,3366369.5,57,1431923,32,1169531,67,1796117,72,1817282
E07000173,Gedling,144,5.884968818,30,E12000004,East Midlands,44.45,55.55,0.09,115889,0.001656758,0.001242568,50.78108205,29,15.272,203,0.0391,25590.6,12.49154584,107,107.7888828,50,6606275,46,1884508,31,2551005,68,2997125,71,3493828
E07000091,New Forest,353,26.89754654,183,E12000008,South East,42.24,57.76,0.04,179023,0.002982857,0.001971814,150.2463177,164,12.44,255,0.0232,23902.53,19.42240147,189,108.4910959,51,1103441,147,5009915,85,5008868,214,8922983,221,8972795
E07000237,Worcester,142,46.52908883,242,E12000005,West Midlands,46.32,53.68,0.09,101328,0.00214156,0.00140139,459.1928078,286,19.902,141,0.1769,30752.62,11.02213259,70,108.7767704,52,140081,,,,,,,,
E07000200,Babergh,293,12.56953276,83,E12000006,East,45.81,54.19,0.05,89215,0.004270582,0.003284201,140.8903521,156,15.148,209,0.0413,25750.4,9.748675898,40,109.2717133,53,523038,54,2842321,118,4463347.54,73,4637377,150,5269517.54
E07000005,Chiltern,293,27.81373315,187,E12000008,South East,55.02,44.98,0.08,94545,0.004590407,0.003099053,294.1851304,241,6.719,324,0.0007,16712.86,10.36574865,57,109.6382532,54,2668638.65,11,880919,12,906177,21,1180137,24,1209137
E07000094,Winchester,379,80.958305,297,E12000008,South East,58.93,41.07,0.05,120696,0.005261152,0.003140121,670.7621214,313,8.785,307,0.0028,19421.38,13.33384163,122,110.4745943,55,1817282,19,161921,14,959793,29,3295553,32,3366369.5
E07000210,Mole Valley,284,52.86674164,257,E12000008,South East,53.08,46.92,0.06,86104,0.004587476,0.003298337,613.987058,305,8.87,305,0.0046,19017.39,9.5216132,37,110.5827046,56,223520,70,2263694,222,5176455.5,113,5805912,483,7008647.8
E07000216,Waverley,303,113.0912696,314,E12000008,South East,58.39,41.61,0.08,123315,0.00424928,0.002457122,917.0925646,320,7.068,323,0.0045,16681.13,13.7054161,132,111.1415164,57,326135,25,418095,15,678790,36,1173530,36,1173530
E07000126,South Ribble,161,8.657324737,55,E12000002,North West,41.44,58.56,0.05,109651,0.001823969,0.001468295,78.95344992,66,13.702,229,0.042,25968.71,12.230096,96,111.536566,58,138885,7,64661,3,25604,11,137385,12,138885
E07000039,South Derbyshire,167,45.22616274,241,E12000004,East Midlands,39.65,60.35,0.04,99319,0.00224529,0.001681451,455.362647,285,13.676,230,0.0472,26056.32,11.08158034,72,111.5756335,59,1314409,3,27754,2,17806,4,138326,4,138326
E07000195,Newcastle-under-Lyme,111,6.57197787,35,E12000005,West Midlands,36.96,63.04,0.05,127045,0.001393207,0.000873706,51.72952788,31,18.472,156,0.1114,28516.03,14.20493377,142,111.8102544,60,37738,11,87889,4,179951,16,380470,19,558195
E07000139,North Kesteven,252,9.58593931,62,E12000004,East Midlands,37.74,62.26,0.06,111876,0.002654725,0.002252494,85.68360783,73,11.58,270,0.0026,22177.17,12.51944425,109,111.9046467,61,10046251,23,1353783,20,5226351,46,4045115,53,10856674
E07000093,Test Valley,277,24.37055715,170,E12000008,South East,48.06,51.94,0.07,120712,0.003197694,0.002294718,201.890095,194,10.622,285,0.0089,22496.41,13.52624633,128,112.0538665,62,1622067,14,126984,6,190207,16,260019,18,293019
E07000242,East Hertfordshire,352,67.61370106,286,E12000006,East,49.64,50.36,0.08,144719,0.003434242,0.0024323,467.2068012,288,8.136,314,0.001,18158.09,16.22024903,170,112.0809916,63,1527399,10,96741,2,72969,14,201866,14,201866
E07000011,Huntingdonshire,364,23.38010805,161,E12000006,East,45.76,54.24,0.06,174966,0.002640513,0.002080404,133.6265792,146,11.791,266,0.017,22750.85,19.61188155,191,112.089672,64,63966,13,94163,7,279123,20,482287,21,532287
E07000009,East Cambridgeshire,206,23.96777119,168,E12000006,East,49.08,50.92,0.08,87306,0.002955123,0.002359517,274.5260485,235,12.108,262,0,20525.18,9.80143354,43,112.2652915,65,8972795,19,318230,16,633994,32,1032049,37,1187049
E07000135,Oadby and Wigston,63,2.670454141,6,E12000004,East Midlands,45.42,54.58,0.08,55833,0.001844787,0.001128365,47.82931494,25,13.132,237,0.0439,25195.47,6.268516721,5,112.2726116,66,217546,16,381286,13,787094,36,1281393,41,1710133
E07000141,South Kesteven,289,32.18208643,206,E12000004,East Midlands,40.07,59.93,0.06,138909,0.002757201,0.002080499,231.6774754,217,14.225,221,0.0458,25926.34,15.6038707,161,112.3316034,67,8597301.54,14,2643633,10,2725215,18,2925739,18,2925739
E07000189,South Somerset,457,50.9762503,253,E12000009,South West,42.75,57.25,0.07,164982,0.003612515,0.002769999,308.9806785,247,16.644,186,0.062,27106.91,18.57867968,184,112.6103434,68,4292872,20,1133359,9,910012,38,1976554,39,2061026
E07000006,South Bucks,121,20.01493753,136,E12000008,South East,49.3,50.7,0.08,69120,0.003342014,0.001750579,289.567962,240,9.328,303,0,16930.31,7.797484016,14,112.810822,69,626246,10,1044003,7,1144913,21,1502399,22,1527399
E07000105,Ashford,287,13.80848891,95,E12000008,South East,40.57,59.43,0.06,124250,0.002993964,0.002309859,111.1347196,113,17.333,176,0.0906,27994.58,14.03959959,137,112.9947653,70,483500,11,1000613,9,1119361,21,1195648,22,1349648
E07000190,Taunton Deane,283,22.05667815,150,E12000009,South West,47.08,52.92,0.08,114021,0.003236246,0.002481999,193.4439985,190,16.514,189,0.0763,28236.07,12.95422599,115,113.6126327,71,3483089,22,994363,12,1101399,35,1424545,35,1424545
E07000096,Dacorum,282,43.14135688,235,E12000006,East,49.33,50.67,0.07,151350,0.002510737,0.001863231,285.043653,239,12.174,261,0.0173,23514.27,17.25381223,176,113.9994201,72,242657,23,216127,11,150744,33,447637,34,622637
E07000170,Ashfield,96,5.53078475,29,E12000004,East Midlands,30.16,69.84,0.07,123574,0.001027724,0.000776862,44.75686431,18,25.416,79,0.2402,30977.27,14.08858614,138,114.0093073,73,1370403,12,114230,3,29057,13,124099,13,124099
E07000206,Waveney,226,13.34697861,90,E12000006,East,37.1,62.9,0.06,116182,0.002745692,0.001945224,114.8799178,123,25.135,83,0.2082,31951.59,13.25392455,120,114.0789843,74,115991,14,126852,2,50370,19,223520,19,223520
E07000109,Gravesham,139,19.58824674,134,E12000008,South East,34.62,65.38,0.06,106299,0.00160867,0.001307632,184.274986,183,21.684,124,0.1827,30401.48,12.13198943,94,114.1307955,75,110920,15,116510,10,113610,20,279072,20,279072
E07000203,Mid Suffolk,372,14.9672881,106,E12000006,East,44.77,55.23,0.06,99632,0.004496547,0.00373374,150.2257116,163,12.679,249,0.0141,20250.49,11.44123445,81,114.8349371,76,3683932,17,1064183,5,948485,24,1263031,25,1271331
E07000102,Three Rivers,114,22.44628163,153,E12000006,East,48.73,51.27,0.09,91674,0.002487074,0.001243537,244.848939,223,9.98,296,0.0214,22884.21,10.53293281,61,114.8955299,77,279072,18,149135,5,37954,29,976143,29,976143
E07000074,Maldon,142,4.874376507,22,E12000006,East,37.42,62.58,0.05,62743,0.002709466,0.002263201,77.68797327,62,14.506,216,0.0192,23812.4,7.212262615,10,114.949279,78,3705417,12,110408,2,40000,16,409483,18,428483
E07000090,Havant,118,18.2434475,126,E12000008,South East,37.64,62.36,0.06,122927,0.001439879,0.000959919,148.4087914,162,21.166,132,0.2341,30114.04,14.15772111,141,115.1717776,79,814815,13,110318,4,76107,15,170117,15,170117
E07000225,Chichester,362,58.64357758,275,E12000008,South East,49.08,50.92,0.1,116976,0.004582137,0.003094652,501.3299957,294,12.994,242,0.0048,22166.81,13.49038227,127,115.3260692,80,1058983,21,153388,13,228566,31,635664,34,737890
E07000171,Bassetlaw,186,20.21380712,137,E12000004,East Midlands,32.17,67.83,0.06,114533,0.001999424,0.001623986,176.4889344,178,22.729,114,0.1988,31154.31,13.20896051,119,115.3288616,81,1972029,29,1067445,28,1716293,55,2402869,57,2418869
E07000127,West Lancashire,139,7.59022659,43,E12000002,North West,44.69,55.31,0.08,112742,0.001809441,0.001232903,67.3238597,48,19.983,139,0.1775,31220.51,13.00852024,117,115.3830892,82,293019,18,140067,12,239202,22,252304,23,400951
E07000236,Redditch,62,7.058159927,39,E12000005,West Midlands,37.71,62.29,0.07,84743,0.001156438,0.000731624,83.28900236,72,21.218,131,0.2203,30057.16,9.787551206,42,115.4968694,83,737890,14,863786,10,933756,17,994472,18,1039468
E07000193,East Staffordshire,184,24.51890348,171,E12000005,West Midlands,36.79,63.21,0.07,116040,0.002197518,0.00158566,211.2969966,200,18.817,152,0.1643,28813.21,13.41477799,125,115.6047741,84,84203,19,617914,12,806883,23,831004,24,891999
E07000235,Malvern Hills,240,48.4075686,248,E12000005,West Midlands,47.84,52.16,0.08,75731,0.004383938,0.003169112,639.2041383,309,16.067,193,0.0461,26304.4,8.755451076,25,115.6125111,85,285839,37,1803849,23,1809495,45,1902445,48,2039165
E07000134,North West Leicestershire,145,3.509542259,11,E12000004,East Midlands,39.3,60.7,0.05,97247,0.002097751,0.001491049,36.08895142,11,14.902,214,0.0451,26310.07,11.24427673,79,115.6259497,86,1045003,20,607164,13,252866,23,752464,24,787464
E07000187,Mendip,330,72.13678235,289,E12000009,South West,51.07,48.93,0.08,111724,0.003938276,0.002953707,645.669528,311,17.204,179,0.0455,25845.49,12.98492128,116,116.2232043,87,1415034,20,741252,14,1599948,27,1878978,28,1928978
E07000131,Harborough,240,4.817401904,20,E12000004,East Midlands,49.25,50.75,0.06,89284,0.003595269,0.002688052,53.95593728,34,8.324,313,0.0034,17525.06,10.38142811,58,116.2742273,88,612301,2,14810,3,17310,5,37738,5,37738
E07000175,Newark and Sherwood,277,73.31964624,291,E12000004,East Midlands,39.61,60.39,0.06,118569,0.003061508,0.002336192,618.3711277,307,18.755,153,0.1419,29256.46,13.82735877,135,116.6186674,89,2325269,6,84203,3,63238,6,84203,6,84203
E07000234,Bromsgrove,128,33.42500287,210,E12000005,West Midlands,44.63,55.37,0.07,95768,0.002182357,0.001336563,349.0205796,260,11.071,279,0.0141,22990.38,11.18216594,76,116.7630726,90,1638744,11,219675,11,228692,14,246822,16,262492
E07000041,Exeter,284,78.37502156,295,E12000009,South West,55.28,44.72,0.1,127308,0.003071292,0.00223081,615.6331225,306,18.212,160,0.1126,28313.11,14.86986904,155,116.8023144,91,352994,4,30070,2,20932,4,30070,5,41284
E07000092,Rushmoor,81,6.297172999,34,E12000008,South East,41.79,58.21,0.04,95342,0.001804032,0.000849573,66.04825784,46,15.135,210,0.0408,25460.81,11.15805979,75,117.0319459,92,164786,17,563889,20,480910,25,936164,29,991024
E07000146,King's Lynn and West Norfolk,383,18.12815619,124,E12000006,East,33.6,66.4,0.06,151013,0.002999742,0.002536205,120.0436796,129,23.403,103,0.1531,30614.92,17.68825895,180,117.1307036,93,1349648,6,448056,6,569840,10,603056,10,603056
E07000174,Mansfield,132,10.48196438,67,E12000004,East Midlands,29.14,70.86,0.05,106556,0.001482788,0.001238785,98.37047543,92,27.764,56,0.3329,31315.66,12.49941171,108,117.3036874,94,1095089,18,144680,10,154668,21,327994,22,352994
E07000113,Swale,238,14.58698522,100,E12000008,South East,37.54,62.46,0.06,142417,0.001923928,0.001671149,102.4244663,98,25.724,77,0.2302,32155.91,16.71403194,174,117.3598092,95,1757651,19,630326,15,789896,28,1014153,31,1399653
E07000049,East Dorset,174,23.08974973,159,E12000009,South West,42.38,57.62,0.07,88690,0.00319089,0.00196189,260.3422001,229,9.311,304,0.0044,20604,10.41675969,60,117.4513439,96,576588,15,1111888,12,995577,22,1374346,23,1394346
E07000063,Lewes,205,21.17165508,145,E12000008,South East,52.07,47.93,0.08,100693,0.003267357,0.002035891,210.2594528,199,15.074,211,0.0277,24769.48,11.83200971,89,117.505782,97,113739,12,101858,12,193803,16,241858,19,314275
E07000192,Cannock Chase,72,2.527358138,5,E12000005,West Midlands,31.14,68.86,0.05,98535,0.001055463,0.000730705,25.64934427,4,20.931,133,0.145,28900.37,11.58194747,86,117.541457,98,1271331,27,261973,16,313345,34,475607,36,613910
E07000213,Spelthorne,111,10.7629927,70,E12000008,South East,39.7,60.3,0.05,98469,0.001695965,0.001127258,109.3033615,109,13.189,236,0.0068,22645.24,11.57955625,84,117.5959566,99,2418869,9,439231,3,453643,14,534936,14,534936
E07000219,Nuneaton and Bedworth,96,8.651440999,54,E12000005,West Midlands,33.99,66.01,0.06,126319,0.001203303,0.000759981,68.48883382,50,22.933,111,0.1945,30591.78,14.85679622,154,117.6133141,100,430493,7,82844,3,62090,9,174542,9,174542
E07000076,Tendring,237,20.44865721,139,E12000006,East,30.5,69.5,0.06,141183,0.002075321,0.001678672,144.8379565,160,28.445,50,0.2775,31958.5,16.6175501,173,117.7022028,101,201866,12,211975,12,686457,19,840332,19,840332
E07000072,Epping Forest,197,10.10504577,65,E12000006,East,37.31,62.69,0.06,129677,0.002336575,0.001519159,77.9247343,63,15.263,205,0.0271,24553.83,15.27299115,157,117.7771783,102,51368,7,389356,6,387856,9,494050,9,494050
E07000163,Craven,215,14.85795538,103,E12000003,Yorkshire and The Humber,47.17,52.83,0.04,55801,0.004623573,0.003852978,266.26683,230,12.527,253,0.0245,23109.41,6.582764752,8,117.9685803,103,686452,12,547768,8,450600,23,1073191,25,1103441
E07000224,Arun,237,16.99805046,116,E12000008,South East,37.52,62.48,0.08,155732,0.002067655,0.001521845,109.149375,108,17.671,173,0.1047,28881.3,18.40815173,183,118.2040411,104,210481,28,1112799,21,1248762,40,1544517,43,1622067
E07000051,Purbeck,135,5.431254978,28,E12000009,South West,40.93,59.07,0.06,46212,0.003721977,0.002921319,117.5291045,125,13.803,226,0,19799.4,5.46663721,3,118.2947548,105,5438743.5,7,44593,7,308703,11,285545,16,576588
E07000078,Cheltenham,214,97.34653003,307,E12000009,South West,56.17,43.83,0.07,116781,0.002543222,0.00183249,833.5819185,319,15.071,212,0.1156,28843.76,13.83138486,136,118.4386575,106,273391,7,535193,8,678605,15,930922,16,978729
E07000220,Rugby,184,50.46453304,251,E12000005,West Midlands,43.3,56.7,0.08,103443,0.00241679,0.001778757,487.8486997,291,13.051,240,0.0237,24370.39,12.25277618,98,118.449544,107,2973359,6,58996,3,29096,9,93481,9,93481
E07000048,Christchurch,63,2.886536844,8,E12000009,South West,41.17,58.83,0.05,49057,0.002181136,0.00128422,58.84046811,40,12.547,252,0.041,25139.06,5.811690864,4,118.4681261,108,70484,6,45137,6,36937,7,46937,7,46937
E07000147,North Norfolk,410,51.91786236,255,E12000006,East,41.09,58.91,0.06,103308,0.00465598,0.003968715,502.5541329,295,21.343,128,0.0437,25264.62,12.25006023,97,118.5780407,109,1083242,10,547781,7,680882,17,928900,18,939400
E07000243,Stevenage,76,6.181206268,32,E12000006,East,40.75,59.25,0.06,86469,0.001144919,0.000878928,71.48465078,54,18.388,157,0.0354,25178.72,10.27363316,54,118.8129059,110,4181871,4,22265,2,19640,7,52025,8,54025
E07000026,Allerdale,322,18.5870229,130,E12000002,North West,41.35,58.65,0.06,96660,0.00352783,0.003331264,192.2928088,188,22.55,115,0.1926,31051.61,11.48582563,83,118.8270808,111,3541021,8,73152,5,76901,11,90081,12,140081
E07000052,West Dorset,418,76.14253743,293,E12000009,South West,48.97,51.03,0.07,100747,0.005280554,0.004149007,755.7796999,316,14.24,220,0.0097,22065.27,11.99452718,91,119.055924,112,1153188,4,123149,4,122122,6,179446,10,217546
E07000043,North Devon,260,15.32761196,107,E12000009,South West,42.96,57.04,0.04,94172,0.003249373,0.002760906,162.7618821,171,20.682,134,0.1198,29377.67,11.22549079,78,119.2020005,113,24872556.5,25,447554,14,479564,31,662754,32,686452
E07000240,St Albans,295,94.37252341,304,E12000006,East,62.71,37.29,0.09,145797,0.003155072,0.002023361,647.2871418,312,7.668,320,0,18737.81,17.38108987,178,119.2143176,114,759074,20,1815254,27,2654908,35,2932009,38,2973359
E07000149,South Norfolk,442,80.11543496,296,E12000006,East,48.31,51.69,0.07,131010,0.004305015,0.003373788,611.5215248,304,13.027,241,0.0019,21161.02,15.663297,164,119.5580261,115,1525045,23,1628966,24,2127507,39,2426663,46,2464434
E07000108,Dover,272,25.32576039,177,E12000008,South East,37.85,62.15,0.06,113228,0.002711343,0.002402233,223.6704736,212,21.589,126,0.1685,29866.95,13.55786307,129,119.7394909,116,6271072,9,72556,4,89778,15,351945,15,351945
E07000088,Gosport,90,8.038869804,47,E12000008,South East,36.14,63.86,0.05,84672,0.001346372,0.001062925,94.9413006,88,20.613,135,0.1576,29297.43,10.16039814,48,119.9971436,117,204667,12,321487,15,339477,18,372287,21,389687
E07000075,Rochford,102,3.991501196,15,E12000006,East,33.39,66.61,0.06,85144,0.00156206,0.00119797,46.87941835,21,11.033,281,0.0174,22832.57,10.22353201,52,120.0734287,118,2257574.09,11,90009,9,121149,17,284999,18,285839
E07000241,Welwyn Hatfield,161,35.91289162,215,E12000006,East,47.01,52.99,0.05,119016,0.002041742,0.001352759,301.748434,244,12.875,244,0.0128,22665.18,14.29232687,145,120.0874409,119,978729,4,75600,3,22650,8,149786,9,164786
E07000031,South Lakeland,488,41.57299308,232,E12000002,North West,52.86,47.14,0.07,103454,0.005915673,0.004717072,401.8500307,267,12.232,258,0,20373.93,12.43727187,106,120.2203092,120,1221852,6,392564,4,333129,10,430493,10,430493
E07000004,Aylesbury Vale,516,58.0088055,273,E12000008,South East,49.5,50.5,0.06,188707,0.003651163,0.002734398,307.4014504,246,11.175,277,0.0253,24413.14,22.7372586,198,120.4897465,121,2613198,7,60614,3,25445,8,70484,8,70484
E07000080,Forest of Dean,242,10.50518745,68,E12000009,South West,41.42,58.58,0.07,84544,0.003583933,0.002862415,124.2570431,136,16.991,181,0.035,25052.29,10.19122477,50,120.5434421,122,61973,5,45253,2,15230,7,61973,7,61973
E07000140,South Holland,192,8.116188461,50,E12000004,East Midlands,26.41,73.59,0.04,91214,0.002433837,0.00210494,88.97963537,77,18.579,154,0.0211,24325.29,11.02233714,71,120.8404098,123,2046931,12,1135176,10,1189436,17,1189274,19,1276539
E07000188,Sedgemoor,286,7.004033675,38,E12000009,South West,38.8,61.2,0.05,120260,0.002968568,0.002378181,58.24075898,39,19.506,144,0.1457,29415.36,14.54225005,150,120.9234163,124,1399653,13,591991,19,1429316,31,1620309,33,1933821
E07000107,Dartford,114,8.113832602,49,E12000008,South East,35.78,64.22,0.05,103892,0.001751819,0.001097293,78.09872369,64,17.845,170,0.0898,28472.08,12.57534584,110,121.0424849,125,1276539,11,85819,10,864196,14,848416,18,1037105.86
E07000044,South Hams,347,17.53632674,121,E12000009,South West,52.85,47.15,0.06,84470,0.005161596,0.004107967,207.6041996,196,14.072,224,0.0037,21433.53,10.2374034,53,121.195731,126,1481740,9,1293920,16,1884140,21,1789303,24,1990303
E07000071,Colchester,336,39.84321957,224,E12000006,East,46.4,53.6,0.07,183939,0.002381224,0.001826693,216.6110481,204,16.941,182,0.0912,28291.96,22.2971448,197,121.220322,127,3577440,17,5460335,23,5534475,29,6090005,34,6753805
E07000045,Teignbridge,388,43.09930393,234,E12000009,South West,46.1,53.9,0.07,128826,0.003687144,0.003011814,334.5543907,255,16.525,188,0.0548,26269.66,15.62724527,162,121.305057,128,62025,11,363270,4,33652,12,660986,12,660986
E07000155,South Northamptonshire,282,9.233205536,59,E12000004,East Midlands,45.66,54.34,0.07,89116,0.004095785,0.003164415,103.6088417,101,7.847,317,0,14069.97,10.81525212,66,121.3615077,129,976143,10,78990,4,28098,14,237657,15,242657
E07000029,Copeland,161,14.62794153,101,E12000002,North West,38,62,0.07,69647,0.002469597,0.002311657,210.0297433,198,25.949,72,0.2386,31279.02,8.458019363,21,121.441259,130,754707,5,49905,1,9930,7,62025,7,62025
E07000106,Canterbury,338,101.1026295,309,E12000008,South East,48.96,51.04,0.07,159965,0.002544307,0.002112962,632.0296909,308,16.876,183,0.0914,28067.21,19.44924451,190,121.5843748,131,963375,18,166803,14,219033,30,879847,30,879847
E07000082,Stroud,439,60.54315857,279,E12000009,South West,54.61,45.39,0.09,116627,0.004595848,0.003764137,519.1178592,296,10.893,284,0.0102,21082.52,14.22082379,143,121.934233,132,810108,5,48442,1,10000,7,208397,7,208397
E07000098,Hertsmere,137,40.2567476,226,E12000006,East,49.16,50.84,0.06,102998,0.002611701,0.001330123,390.849799,266,12.913,243,0.0169,23691.01,12.59466343,111,122.2806601,133,1491647,10,650977,4,581444,14,867237,15,917237
E07000081,Gloucester,182,28.94942497,190,E12000009,South West,41.5,58.5,0.04,127158,0.001997515,0.00143129,227.6649913,214,21.999,120,0.2267,31344.75,15.66115722,163,123.1629722,134,532287,11,432495,10,552709,16,578470,16,578470
E07000028,Carlisle,222,25.66019873,179,E12000002,North West,39.86,60.14,0.06,108155,0.002348481,0.00205261,237.2539294,220,22.482,116,0.1792,30543.38,13.35166225,124,123.4493297,135,1142713,13,674928,15,735557,25,911392,27,923792
E07000137,East Lindsey,372,15.72301547,110,E12000004,East Midlands,29.35,70.65,0.06,137887,0.002980702,0.002697861,114.0282657,120,28.855,45,0.2984,31694.27,17.02415625,175,123.4645489,136,1500430,5,39945,3,29765,9,115991,9,115991
E07000226,Crawley,91,9.074114255,58,E12000008,South East,41.59,58.41,0.09,110864,0.001343989,0.000820826,81.84906061,69,17.833,171,0.0298,24873.84,13.72380281,133,123.7895332,137,1497983,12,578799,7,567892,15,784815,16,814815
E07000079,Cotswold,379,38.70469378,221,E12000009,South West,51.1,48.9,0.05,85162,0.006434795,0.004450342,454.4831472,284,11.176,276,0,18477.81,10.54798793,63,123.857917,138,,16,859311,7,893242,20,1083242,20,1083242
E07000115,Tonbridge and Malling,256,44.64601572,238,E12000008,South East,44.3,55.7,0.06,125713,0.002831847,0.002036384,355.1423935,261,11.344,274,0.0193,23423.08,15.58152223,160,123.9451945,139,43385237,17,1476236,19,1311813,29,1956468,31,2091468
E07000133,Melton,112,6.251774372,33,E12000004,East Midlands,41.89,58.11,0.07,50912,0.003162319,0.002199874,122.795694,134,13.119,238,0.0148,23687.05,6.330337547,7,124.338811,140,13749397,10,257347,12,148276,16,450017,17,455017
E07000208,Epsom and Ewell,91,14.89470276,104,E12000008,South East,52.08,47.92,0.09,78950,0.002127929,0.001152628,188.6599463,186,8.544,310,0.0122,22289.25,9.839320021,44,124.6272327,141,209070,15,442491,12,442729,21,642426,22,652426
E07000128,Wyre,156,19.68610104,135,E12000002,North West,36.23,63.77,0.08,109745,0.00179507,0.001421477,179.3803913,180,19.389,145,0.1425,31484.92,13.67894714,131,124.6430101,142,1856527,17,989524,17,847190,25,1364164,25,1364164
E07000111,Sevenoaks,318,56.87353822,271,E12000008,South East,45.62,54.38,0.06,118409,0.00361459,0.002685607,480.3143192,290,11.648,268,0.031,24266.14,14.82104222,152,125.168207,143,5501833,18,613021,10,506988,28,864844,28,864844
E07000068,Brentwood,139,30.78284337,200,E12000006,East,40.85,59.15,0.04,76057,0.002537571,0.001827577,404.7338624,273,9.881,297,0.0012,20837.46,9.520567346,36,125.1767404,144,2524701,11,1182544,11,1130804,17,1353235,20,1378465.45
E07000201,Forest Heath,83,2.445526893,3,E12000006,East,35.03,64.97,0.09,63691,0.002072506,0.001303167,38.39674197,14,18.016,165,0.0295,24890.69,7.981151935,16,125.3105138,145,4271406,9,63060,7,112339,17,383414,18,447662
E07000229,Worthing,133,21.43814855,147,E12000008,South East,47.01,52.99,0.08,107736,0.00176357,0.001234499,198.9877901,192,17.449,174,0.08,27303.03,13.56206597,130,125.8823974,146,1836287,16,153383,15,417422,30,760876,32,807369
E07000154,Northampton,299,63.37644916,282,E12000004,East Midlands,41.62,58.38,0.09,222462,0.001730633,0.00134405,284.8866285,238,24.306,93,0.2743,31175.93,28.01766785,202,125.9436122,147,18055488.5,24,1091588,16,1096814,32,1296293,36,1314409
E07000169,Selby,178,18.46945674,128,E12000003,Yorkshire and The Humber,40.83,59.17,0.06,85961,0.002466235,0.002070706,214.8585607,201,12.86,245,0.0339,25153.39,10.84233642,68,126.1308782,148,935062,11,100941,2,15276,14,210481,14,210481
E07000099,North Hertfordshire,287,33.91743654,213,E12000006,East,54.37,45.63,0.08,131696,0.003151197,0.002179261,257.5434071,228,11.616,269,0.0244,23660.3,16.61685566,172,126.175857,149,17718376,33,911114,15,761851,40,1142713,40,1142713
E07000214,Surrey Heath,140,17.49977967,120,E12000008,South East,49.02,50.98,0.05,88067,0.002611648,0.001589699,198.7098422,191,7.731,318,0.0058,20810.36,11.15522394,74,126.6674684,150,4560239,21,413106,14,650121,34,935062,34,935062
E07000153,Kettering,168,10.90670328,71,E12000004,East Midlands,39.01,60.99,0.06,97650,0.002171019,0.00172043,111.6917899,115,18.927,151,0.1615,30032.24,12.3938859,103,126.9215146,151,1394346,13,914770,12,1230811,21,1397597,21,1397597
E07000136,Boston,147,21.05892844,143,E12000004,East Midlands,24.44,75.56,0.04,66902,0.002316822,0.002197244,314.7727787,249,24.367,91,0.1956,28742.93,8.504571688,22,127.1198423,152,3755777,35,1654961,17,1388123,40,1716837,40,1716837
E07000218,North Warwickshire,87,2.680307015,7,E12000005,West Midlands,33.12,66.88,0.06,62787,0.002213834,0.001385637,42.68888488,16,16.482,190,0.05,26239.48,7.983135751,17,127.1463161,153,1960916,11,427939,4,370646,15,563533,15,563533
E07000064,Rother,243,30.9559914,202,E12000008,South East,41.47,58.53,0.08,92908,0.003508847,0.002615491,333.1897296,254,18.554,155,0.0883,28240.09,11.81587498,88,127.1782299,154,286830,12,138320,9,305373,20,500860,20,500860
E07000118,Chorley,159,12.88282713,85,E12000002,North West,43.17,56.83,0.07,112969,0.001788101,0.001407466,114.0386047,121,17.41,175,0.1288,29434.5,14.37970871,147,127.2889794,155,10532778,11,372158,6,846965,19,1126939,19,1126939
E07000239,Wyre Forest,170,7.717689379,45,E12000005,West Midlands,36.85,63.15,0.06,99503,0.002180839,0.001708491,77.56237881,60,22.066,119,0.195,30344.51,12.74888141,112,128.1255983,156,2237045,25,1036044,9,1006178,31,1367443,31,1367443
E07000065,Wealden,365,54.54720552,264,E12000008,South East,45.5,54.5,0.05,156501,0.003437678,0.002332253,348.5422171,259,11.23,275,0.0211,22241.59,20.10480457,194,128.4643841,157,2091468,8,78589,6,334210,15,401117,15,401117
E07000035,Derbyshire Dales,263,37.65654316,218,E12000004,East Midlands,48.44,51.56,0.06,71145,0.004961698,0.003696676,529.292897,298,12.261,257,0.0225,20811.97,9.143091516,30,128.5134797,158,93481,8,70457,7,572702,20,1450498,20,1450498
E07000069,Castle Point,78,4.848313505,21,E12000006,East,27.3,72.7,0.12,89173,0.001155058,0.000874704,54.36974763,35,16.632,187,0.0695,27852.66,11.46040678,82,128.5187981,159,998402,19,1661321,11,4257861,50,6586275,52,6606275
E07000121,Lancaster,258,17.44069866,119,E12000002,North West,48.92,51.08,0.08,142283,0.002635592,0.001813288,122.5775297,133,23.321,105,0.2117,32074.9,18.30297579,182,128.637826,160,19224394.82,20,164529,8,82030,22,184667,23,204667
E07000077,Uttlesford,285,32.07511572,204,E12000006,East,49.32,50.68,0.06,85119,0.004464338,0.003348254,376.8267451,263,9.668,300,0,16662.65,10.95126958,69,128.658344,161,2418833,16,595886,9,571553,21,963375,21,963375
E07000191,West Somerset,158,4.61835066,18,E12000009,South West,39.41,60.59,0.09,34403,0.005551841,0.004592623,134.2426724,149,23.293,106,0.06,25533.34,4.432952467,1,128.8536601,162,2504421,8,75025,2,15980,11,174405,11,174405
E07000033,Bolsover,52,1.796836418,2,E12000004,East Midlands,29.17,70.83,0.06,77780,0.001041399,0.000668552,23.10152247,2,24.778,87,0.2021,29282.26,10.04374295,45,129.1301485,163,174405,14,126297,2,29710,19,234867,19,234867
E07000211,Reigate and Banstead,248,39.3498552,223,E12000008,South East,49.51,50.49,0.05,144100,0.002532963,0.001721027,273.0732491,234,10.344,290,0.0084,22043.9,18.74060429,185,130.0527709,164,953069.82,7,552304,4,649839,11,642652,12,782652
E07000042,Mid Devon,320,21.31035965,146,E12000009,South West,46.66,53.34,0.09,79510,0.004930197,0.004024651,268.021125,232,17.128,180,0.0266,24644.05,10.35855064,56,130.2798471,165,1280481,5,33981,5,35786,8,126231,8,126231
E07000215,Tandridge,188,42.68211477,233,E12000008,South East,47.16,52.84,0.09,86025,0.003615228,0.002185411,496.1594277,292,10.585,286,0,19013.31,11.2481935,80,130.7549375,166,400951,26,1196305,13,744066,31,1415034,31,1415034
E07000119,Fylde,117,18.13316259,125,E12000002,North West,43.04,56.96,0.05,77322,0.00225033,0.001513153,234.5149193,219,14.375,217,0.049,26359.81,10.1709255,49,131.5398658,167,3505051,9,101243,8,153619,15,246830,18,286830
E07000046,Torridge,217,8.246325771,51,E12000009,South West,39.17,60.83,0.08,66265,0.003893458,0.00327473,124.4446657,137,23.201,107,0.1069,28101.24,8.776980007,26,132.4527278,168,908512,16,177998,8,145806,21,337020,21,337020
E07000145,Great Yarmouth,115,8.524480304,53,E12000006,East,28.5,71.5,0.06,98667,0.001520265,0.001165537,86.39646796,75,32.369,25,0.3507,32694.39,13.13421969,118,133.1166417,169,2257316,7,68712,3,39545,8,78661,8,78661
E07000165,Harrogate,471,49.42162599,249,E12000003,Yorkshire and The Humber,50.97,49.03,0.07,157016,0.003846742,0.002999694,314.7553497,248,10.373,289,0.014,20564.46,20.94409755,196,133.3883015,170,822464,22,203833,5,36986,27,358674,28,366174
E07000142,West Lindsey,222,8.880066352,57,E12000004,East Midlands,38.18,61.82,0.05,92812,0.002898332,0.002391932,95.67799802,89,19.235,149,0.1308,30243.76,12.39895446,104,133.5921482,171,531232,24,1457330,8,546473,27,1474909,27,1474909
E07000166,Richmondshire,209,9.563426348,61,E12000003,Yorkshire and The Humber,43.22,56.78,0.06,52510,0.004494382,0.003980194,182.1258112,181,13.349,235,0.0231,21681.62,7.016627515,9,133.6245956,172,1933821,19,1133684,9,1026133,19,1133684,19,1133684
E07000125,Rossendale,87,3.618637316,13,E12000002,North West,39.32,60.68,0.06,69487,0.001654986,0.001252033,52.07646489,32,23.155,108,0.1965,30137.29,9.315824673,34,134.0657198,173,34412385,11,81731,8,91528,18,353607,18,353607
E07000217,Woking,180,40.13535824,225,E12000008,South East,56.15,43.85,0.07,99435,0.002564489,0.001810228,403.6341152,269,9.875,298,0.0137,21239.91,13.4881179,126,135.6475879,174,15276748.41,31,3826799,15,743332,37,4161871,38,4181871
E07000114,Thanet,197,28.74123864,189,E12000008,South East,36.15,63.85,0.06,139772,0.001624073,0.001409438,205.629444,195,31.619,28,0.3503,32673.95,19.17914381,188,137.2173526,175,176117,16,1489401,12,1539812,29,1856527,29,1856527
E07000030,Eden,292,27.62876756,186,E12000002,North West,46.68,53.32,0.09,52565,0.006239893,0.005555027,525.6114822,297,15.411,200,0,20660.91,7.216920828,11,137.2951741,176,15085437,16,623091,10,557220,19,644450,19,644450
E07000150,Corby,46,3.737612795,14,E12000004,East Midlands,35.75,64.25,0.05,66854,0.000912436,0.000688067,55.90709299,37,25.765,74,0.2563,31128.16,9.181526726,33,137.336984,177,1039468,29,1788673,26,2778547,45,3242888,45,3242888
E07000110,Maidstone,301,53.6211665,258,E12000008,South East,41.25,58.75,0.05,164499,0.002486337,0.001829798,325.9665196,252,15.56,198,0.0716,27750.01,22.97135878,199,139.6443673,178,262492,12,807594,4,822602,18,1133060,18,1133060
E07000123,Preston,217,23.63341693,164,E12000002,North West,46.69,53.31,0.08,141302,0.002094804,0.001535718,167.2546527,174,27.404,61,0.3449,31503.9,19.85259504,192,140.4976224,179,428483,6,58595,5,48855,7,63966,7,63966
E07000061,Eastbourne,129,41.23343254,229,E12000008,South East,42.67,57.33,0.1,102465,0.001893329,0.001258966,402.4148006,268,21.322,129,0.1505,29511.65,14.45308864,148,141.0539076,180,2369320,13,101245,6,55566,15,110920,15,110920
E07000138,Lincoln,130,41.29869798,231,E12000004,East Midlands,43.06,56.94,0.08,97065,0.001792613,0.001339309,425.4746611,278,28.924,43,0.3193,32090.6,13.75407321,134,141.6996158,181,879847,23,189453,15,407121,30,610301,31,612301
E07000207,Elmbridge,217,54.77897582,265,E12000008,South East,59.53,40.47,0.07,132670,0.002751187,0.001635637,412.8964786,274,7.527,322,0.0035,19426.91,19.08520987,187,143.8547514,182,337020,10,84070,6,129102,12,209070,12,209070
E07000148,Norwich,246,114.9397309,315,E12000006,East,56.24,43.76,0.08,138872,0.002585114,0.001771415,827.6667068,318,28.785,47,0.3872,31251.08,19.98554066,193,143.9133926,183,806134,21,1798444,17,1874292,32,2290031,35,2342311
E07000223,Adur,65,25.66921835,180,E12000008,South East,45.43,54.57,0.06,63429,0.001576566,0.001024768,404.6921495,272,18.275,159,0.0897,26989.89,9.146009519,31,144.1928695,184,644450,13,113644,6,43344,16,194885,17,197885
E07000010,Fenland,143,11.28118855,74,E12000006,East,28.61,71.39,0.04,99171,0.00182513,0.001441954,113.7549137,119,25.362,80,0.2114,30023.77,14.32022813,146,144.3993519,185,1076569,4,32311,1,2311,6,110410,6,110410
E07000008,Cambridge,300,369.3318421,324,E12000006,East,73.85,26.15,0.09,130907,0.003957008,0.002291703,2821.329968,325,13.75,227,0.0325,24954.41,18.92655731,186,144.5801776,186,5102609.75,16,424747,8,310966,20,626246,20,626246
E07000073,Harlow,76,10.67245002,69,E12000006,East,31.9,68.1,0.05,85397,0.001416912,0.000889961,124.974531,138,23.558,101,0.1237,27468.4,12.35842985,101,144.7173771,187,194155,38,1113034,23,906067,48,1525045,48,1525045
E07000168,Scarborough,255,25.11673048,176,E12000003,Yorkshire and The Humber,38.01,61.99,0.05,107902,0.002817371,0.002363256,232.7735397,218,25.235,82,0.2335,31914.49,15.76411054,165,146.0965556,188,234867,22,529047,16,696378,35,1102852,36,1221852
E07000066,Basildon,171,17.42234461,118,E12000006,East,31.38,68.62,0.06,181721,0.001276682,0.000941003,95.87414008,90,23.618,98,0.2529,31046.28,26.9417872,201,148.2590741,189,2342311,11,571602,5,37122,12,581121,13,587621
E07000167,Ryedale,215,30.45661838,197,E12000003,Yorkshire and The Humber,44.74,55.26,0.06,53052,0.004919701,0.004052628,574.0899189,302,15.461,199,0,21031.04,7.899570912,15,148.9024148,190,7008647.8,9,78059,3,43955,11,109793,13,115293
E07000112,Shepway,207,20.66314409,140,E12000008,South East,37.75,62.25,0.08,110034,0.002253849,0.001881237,187.7887207,185,22.821,113,0.1704,30534.59,16.41036434,171,149.1390328,191,3242888,24,1570787,15,1186963,33,4283114,34,4283314
E07000120,Hyndburn,74,7.60948099,44,E12000002,North West,33.81,66.19,0.08,80228,0.001233983,0.000922371,94.84819502,87,32.102,26,0.4244,31956.61,12.15677014,95,151.5277726,192,8934604,18,137601,7,261644,23,388562,24,395298
E07000047,West Devon,193,12.05968699,78,E12000009,South West,46.8,53.2,0.05,54385,0.004486531,0.003548773,221.746566,210,17.846,169,0.0044,22544.13,8.269058588,20,152.0466781,193,1065068,16,879529,4,770967,19,981940,19,981940
E07000202,Ipswich,202,37.59926343,217,E12000006,East,41.74,58.26,0.07,135600,0.002087021,0.001489676,277.2807038,236,26.093,71,0.3079,30868.92,20.7208546,195,152.8086622,194,782652,38,358343,12,155952,40,435821,42,439821
E07000178,Oxford,391,432.1327701,325,E12000008,South East,70.27,29.73,0.11,159574,0.003891611,0.002450274,2708.03997,324,17.946,166,0.1134,28497.74,24.49793888,200,153.5208673,195,1221446,14,648825,7,655573,15,725125,15,725125
E07000062,Hastings,124,20.8575918,142,E12000008,South East,45.12,54.88,0.08,91497,0.001847055,0.001355236,227.959297,215,33.114,20,0.403,32408.28,14.14975021,140,154.6471492,196,6670315.23,17,159015,7,66140,18,273391,18,273391
E07000053,Weymouth and Portland,114,5.976887281,31,E12000009,South West,38.96,61.04,0.04,65166,0.002194396,0.001749379,91.71787866,82,23.573,100,0.2073,30967.65,10.10522388,46,155.0689605,197,1397597,37,1920492,15,1742914,44,2418833,44,2418833
E07000122,Pendle,96,8.354274113,52,E12000002,North West,36.85,63.15,0.12,90111,0.001320593,0.001065353,92.71092445,84,29.62,38,0.3972,31472.43,14.10683125,139,156.5494917,198,1466033,20,33426162,13,34095576,26,33711332,31,34412385
E07000027,Barrow-in-Furness,83,6.911474897,36,E12000002,North West,39.38,60.62,0.07,67515,0.001466341,0.001229356,102.3694719,97,31.4,29,0.3794,32609.2,10.71536036,64,158.7108103,199,4502034,20,180669,5,48034,29,405071,29,405071
E07000103,Watford,100,12.2980096,80,E12000006,East,49.73,50.27,0.11,96403,0.001815296,0.001037312,127.5687437,140,15.723,197,0.0306,24973.26,15.81593914,166,164.0606531,200,2117208,5,29550,24,307226,12,483899,40,523038
E07000117,Burnley,80,27.58055935,185,E12000002,North West,33.39,66.61,0.08,87371,0.001190326,0.000915636,315.671783,250,36.05,9,0.4843,32639.08,15.36717899,158,175.8842063,201,2459872.5,24,2231303,77,3261944.23,53,5702770,118,6670315.23
E09000032,Wandsworth,187,32.22455096,207,E12000007,London,75.03,24.97,0.08,314544,0.001917061,0.000594511,102.4484681,99,18.295,158,0.0716,27081.7,182.3300446,264,579.664672,202,1716837,11,575316,26,1033821,20,1221916,39,1358100
E06000040,Windsor and Maidenhead,277,102.1706646,310,E12000008,South East,53.9,46.1,0.08,147708,0.003066862,0.001875322,691.7070477,315,8.857,306,0.0014,19539.76,86.04472385,208,582.5325903,203,41284,12,1602768,22,1222171,15,2031241,38,2170909.9
E06000014,York,349,44.85007271,239,E12000003,Yorkshire and The Humber,58.04,41.96,0.07,206856,0.002934408,0.001687164,216.8178477,205,12.219,259,0.0591,26548.36,123.5235768,222,597.1476621,204,2685870,12,96037,22,2025206,19,2063164,34,2183447
E09000026,Redbridge,182,41.07642171,228,E12000007,London,53.97,46.03,0.13,296793,0.001637505,0.000613222,138.4009114,154,20.242,138,0.0841,27349.78,186.3380495,266,627.8384244,205,2084569,26,441293,16,385817.82,33,894819,38,953069.82
E09000006,Bromley,274,22.94744067,158,E12000007,London,50.65,49.35,0.08,324857,0.002117855,0.000843448,70.63859073,53,15.164,208,0.0986,28696.08,204.8622123,274,630.6227426,206,1152520,15,112568,8,45327,20,151365,23,167365
E08000009,Trafford,179,56.11849355,269,E12000002,North West,57.69,42.31,0.07,233288,0.001877508,0.000767292,240.5545658,222,15.388,201,0.1021,29199.11,148.6553337,243,637.2180897,207,108186,40,1821000,21,1697215,47,2271651,49,2324271
E09000004,Bexley,164,18.62791523,131,E12000007,London,37.05,62.95,0.06,242142,0.001478471,0.000677289,76.92971575,59,16.17,191,0.0709,26868.11,157.7798254,249,651.6004055,208,982494,26,185741,16,833674,35,1023516,35,1023516
E09000017,Hillingdon,243,31.60327714,203,E12000007,London,43.63,56.37,0.11,297735,0.001605455,0.000816162,106.1456568,105,18.108,162,0.0741,26163.05,194.5063118,271,653.2866872,209,563533,10,76949,6,33582,10,76949,11,77449
E06000007,Warrington,203,18.38291916,127,E12000002,North West,45.73,54.27,0.05,207695,0.001569609,0.000977395,88.50920417,76,19.312,147,0.1849,30962.25,136.4175743,233,656.8168434,210,1654603,8,67662,2,29160,9,457701,10,478701
E06000030,Swindon,170,8.837619717,56,E12000009,South West,45.34,54.66,0.08,217160,0.001648554,0.000782833,40.69635162,15,17.857,168,0.1459,30018.55,143.1371487,237,659.1322007,211,587621,13,996189,10,1127176,21,1638744,21,1638744
E06000022,Bath and North East Somerset,335,47.53076367,244,E12000009,South West,57.85,42.15,0.07,184874,0.003158908,0.001812045,257.0981516,227,12.094,263,0.0421,25352.82,122.1065588,219,660.485297,212,2934087,22,1836432,13,1761611,26,1952416,27,1960916
E09000018,Hounslow,166,15.59577309,109,E12000007,London,51.06,48.94,0.11,268770,0.001562674,0.000617628,58.02646534,38,22.469,117,0.114,27816.5,178.5868732,261,664.4598475,213,46937,11,83693,4,30450,16,116411,17,176117
E06000032,Luton,106,23.74093746,166,E12000006,East,43.45,56.55,0.16,214710,0.001425178,0.000493689,110.5721087,110,27.577,59,0.3138,30209.53,143.6812947,238,669.1877169,214,500860,8,507152,2,18740,10,547162,10,547162
E08000034,Kirklees,443,58.15193272,274,E12000003,Yorkshire and The Humber,45.33,54.67,0.09,434321,0.001480472,0.001019983,133.891598,148,23.964,94,0.2514,30776.94,290.8267532,314,669.6124599,215,314275,16,488558,10,517240,24,961401,25,967901
E06000035,Medway,266,29.17463928,192,E12000008,South East,35.92,64.08,0.06,276492,0.001414146,0.000962053,105.517119,103,22.332,118,0.1964,30464.13,185.3041538,265,670.1971623,216,5424501,9,488756,4,28975,11,497847,12,509292
E06000029,Poole,97,11.43830575,76,E12000009,South West,41.83,58.17,0.05,150577,0.001593869,0.000644189,75.96316669,58,15.219,206,0.0615,26641.2,101.148049,210,671.7363807,217,4614725,7,710470,3,65707,10,775770,10,775770
E09000016,Havering,155,11.35221671,75,E12000007,London,30.34,69.66,0.06,249085,0.001457334,0.000622278,45.57567381,19,17.876,167,0.1003,28130.94,169.584424,254,680.8295321,218,88984,11,279634,7,305038,13,352334,13,352334
E06000025,South Gloucestershire,341,30.63831426,198,E12000009,South West,47.32,52.68,0.06,274661,0.002013391,0.00124153,111.549562,114,11.358,273,0.0104,22791.91,187.2251952,267,681.6591915,219,405071,2,19537,,,3,51368,3,51368
E06000054,Wiltshire,1333,104.6808453,311,E12000009,South West,47.51,52.49,0.07,486093,0.003818199,0.002742274,215.3514766,202,13.466,234,0.036,25149.75,332.4811292,317,683.9866635,220,1037105.86,14,693073,20,1270184,29,1500430,29,1500430
E06000049,Cheshire East,353,29.58026921,193,E12000002,North West,48.82,51.18,0.05,375392,0.002213686,0.00094035,78.79834735,65,14.132,223,0.0851,28462.37,257.1802966,303,685.0979685,221,61068,17,902304,8,2964703,22,3505051,22,3505051
E08000029,Solihull,233,44.06413763,237,E12000005,West Midlands,43.84,56.16,0.06,210445,0.001943501,0.001107178,209.3855289,197,17.238,178,0.1711,31358.52,144.2050024,239,685.2384347,222,115293,9,74122,8,290500,15,445860,15,445860
E06000036,Bracknell Forest,118,49.46529648,250,E12000008,South East,46.06,53.94,0.05,118982,0.001748164,0.000991747,415.737645,275,10.462,287,0.0031,20267.26,81.94435483,206,688.7121987,223,2691169,8,469280,11,647404,19,959330,23,1482178
E06000039,Slough,67,4.953016572,23,E12000008,South East,45.67,54.33,0.1,145734,0.001008687,0.000459742,33.986692,10,22.873,112,0.1118,27017,100.4271022,209,689.1123705,224,3110367,11,982616,10,986179,18,1362842,19,1382842
E06000028,Bournemouth,123,17.80538767,122,E12000009,South West,45.12,54.88,0.08,194516,0.001557712,0.000632339,91.53687959,81,21.847,121,0.1742,30164.17,134.5348908,230,691.6392009,225,4283314,3,168134,8,916881,11,1090089,14,1095089
E08000035,Leeds,698,173.897745,319,E12000003,Yorkshire and The Humber,50.31,49.69,0.09,774060,0.001523138,0.000901739,224.6566739,213,26.623,70,0.3135,32265.66,536.174986,325,692.678844,226,167365,4,30739,4,83000,7,63739,8,113739
E09000003,Barnet,381,93.14938362,303,E12000007,London,62.23,37.77,0.11,379691,0.00435354,0.001003448,245.3294485,224,17.813,172,0.0861,27378.89,263.2425506,307,693.3073225,227,2095658,13,965053,17,922862,16,1114119,24,1153188
E06000041,Wokingham,277,68.9181339,288,E12000008,South East,56.69,43.31,0.05,160409,0.002755456,0.001726836,429.6400694,279,5.652,325,0,15515.21,111.3895164,212,694.4093935,228,395298,5,39989,12,391239,16,481247,22,531232
E09000015,Harrow,232,54.28323842,261,E12000007,London,54.63,45.37,0.11,247130,0.002399547,0.000938777,219.6545884,208,14.302,219,0.0245,24401.09,171.7019554,256,694.7839412,229,455017,10,621310,12,712944,18,843144,22,982494
E06000011,East Riding of Yorkshire,601,26.15594295,182,E12000003,Yorkshire and The Humber,39.6,60.4,0.06,336685,0.002313735,0.001785051,77.68668919,61,15.792,195,0.0916,29370.34,234.1406542,293,695.4294198,230,13046988,2,18850,4,24000,3,27510,9,88984
E06000042,Milton Keynes,268,24.21582003,169,E12000008,South East,48.59,51.41,0.06,261762,0.002154629,0.001023831,92.51083056,83,18.029,164,0.1285,30048.71,182.0517189,263,695.485666,231,652426,6,52536,4,49814,9,179966,10,204966
E06000034,Thurrock,132,16.14791881,112,E12000006,East,27.72,72.28,0.04,165184,0.00127131,0.000799109,97.75716056,91,21.603,125,0.1323,29008.75,115.0560263,215,696.532511,232,3493828,4,436896,4,456850,9,917473,12,931593
E06000015,Derby,187,22.69127217,155,E12000004,East Midlands,42.78,57.22,0.1,254251,0.001455255,0.000735494,89.24752379,78,27.79,55,0.3365,32078.24,177.9312249,259,699.825074,233,882956,3,19789,6,99510,7,205217,10,222446
E06000013,North Lincolnshire,203,7.904481269,46,E12000003,Yorkshire and The Humber,33.7,66.3,0.05,169820,0.001607585,0.001195383,46.54623289,20,21.363,127,0.1874,31014.27,119.1760439,217,701.7786121,234,1468177,10,88067,14,142459,14,204253,20,283282
E06000056,Central Bedfordshire,220,8.059830064,48,E12000006,East,43.87,56.13,0.06,274022,0.002620228,0.000802855,29.41307656,5,12.201,260,0.0402,25498.55,193.0895747,269,704.6498993,235,138326,4,37943,5,111276,7,60982,9,150982
E08000027,Dudley,262,22.19849826,152,E12000005,West Midlands,32.4,67.6,0.06,316464,0.001431442,0.000827898,70.14541389,52,22.958,110,0.2329,30827.61,223.1469257,287,705.1257827,236,1187049,16,144155,4,39404,17,194155,17,194155
E08000002,Bury,159,13.83949697,96,E12000002,North West,45.88,54.12,0.11,187884,0.001777693,0.000846267,73.65979525,56,21.769,122,0.1976,30877.23,132.5786297,229,705.6408726,237,170117,22,669559,9,681523,30,1055858,31,1065068
E06000045,Southampton,158,55.36752476,267,E12000008,South East,46.2,53.8,0.1,249537,0.00141462,0.000633173,221.8810227,211,26.878,67,0.2675,31309.92,176.2121763,257,706.1565071,238,887269,20,2879768,10,4208550,33,4614725,33,4614725
E06000044,Portsmouth,120,37.77372189,219,E12000008,South East,41.92,58.08,0.07,211758,0.001341154,0.000566685,178.3815577,179,27.054,63,0.2436,31896.74,149.6626877,245,706.7628505,239,891999,23,848966,11,819383,31,1165428,32,1170428
E06000051,Shropshire,822,100.4376894,308,E12000005,West Midlands,43.13,56.87,0.09,311380,0.003587257,0.002639861,322.5566491,251,16.689,185,0.041,25607.96,220.188185,283,707.1365695,240,78661,23,202453,16,395463,38,763256,41,894256
E08000010,Wigan,173,15.45075591,108,E12000002,North West,36.1,63.9,0.07,322022,0.000850874,0.00053723,47.98043584,26,24.857,85,0.2814,31571.14,229.0192436,289,711.1912962,241,366174,6,51907,7,72009,11,97691,11,97691
E06000024,North Somerset,322,14.38597883,98,E12000009,South West,47.83,52.17,0.06,209944,0.002391114,0.001533742,68.52293388,51,15.783,196,0.1103,30439.06,149.4067132,244,711.6503125,242,1424545,7,47401,8,207479,18,428255,18,428255
E06000033,Southend-on-Sea,183,22.85151585,156,E12000006,East,41.92,58.08,0.07,178702,0.001566854,0.001024051,127.8749866,141,24.516,90,0.2544,31443.65,127.181107,227,711.6938087,243,1133060,10,82917,7,100355,16,266135,17,326135
E08000036,Wakefield,242,51.52434292,254,E12000003,Yorkshire and The Humber,33.64,66.36,0.06,333759,0.001075626,0.000725074,154.3758907,165,26.892,65,0.3081,31627.66,237.6179872,295,711.9448081,244,197885,3,383500,1,363500,4,483500,4,483500
E09000024,Merton,157,21.6962014,148,E12000007,London,62.94,37.06,0.11,204565,0.002141129,0.000767482,106.0601833,104,14.93,213,0.0446,25751.35,145.7723798,241,712.5968753,245,1358100,7,42475,10,638741,20,810108,20,810108
E09000010,Enfield,238,34.00432219,214,E12000007,London,55.82,44.18,0.11,328433,0.001635037,0.000724653,103.5350351,100,26.994,64,0.3196,30527.56,234.5199977,294,714.0573502,246,1126939,9,151121,8,850240,15,857512,17,908512
E08000026,Coventry,232,48.06186401,247,E12000005,West Midlands,44.4,55.6,0.11,345385,0.001424497,0.000671714,139.1544624,155,28.107,54,0.3189,32041.03,246.7451972,297,714.4062342,247,2324271,10,85286,14,435531,20,440526,22,549785
E06000031,Peterborough,208,23.7539284,167,E12000006,East,39.11,60.89,0.09,193980,0.001732137,0.001072275,122.4555542,131,27.659,58,0.3596,30952.2,139.5771194,234,719.5438674,248,547162,6,51780,5,36500,8,463499,9,473499
E08000033,Calderdale,266,22.60688395,154,E12000003,Yorkshire and The Humber,44.32,55.68,0.07,208402,0.001837794,0.001276379,108.4772888,106,24.607,89,0.2505,31554.94,150.3971738,246,721.6685723,249,1389740.5,25,628486,19,512887,28,998402,28,998402
E06000004,Stockton-on-Tees,120,22.03582354,149,E12000001,North East,38.27,61.73,0.04,194803,0.00116528,0.000616007,113.118502,118,24.625,88,0.2799,32202.56,141.0499055,236,724.0643394,250,6246801.06,6,38896,3,69180,9,108186,9,108186
E09000021,Kingston upon Thames,140,24.86163141,173,E12000007,London,61.61,38.39,0.07,173525,0.002005475,0.0008068,143.2740609,159,11.125,278,0.0132,21320.23,125.8412036,225,725.2050344,251,2160869,23,1031349,18,763771,31,3144458,33,3181320
E09000008,Croydon,265,41.2903482,230,E12000007,London,54.29,45.71,0.09,379031,0.001960262,0.000699151,108.9365994,107,23.643,96,0.2138,29514.5,275.2968683,312,726.3175527,252,13649333,28,377332,13,579802,31,767332,31,767332
E09000002,Barking and Dagenham,84,3.184951825,10,E12000007,London,37.56,62.44,0.08,201979,0.001599176,0.000415885,15.76872757,1,34.635,12,0.5271,29859.66,146.9580008,242,727.590496,253,204966,24,1002275,15,898423,30,3131973,30,3131973
E06000020,Telford and Wrekin,171,20.21702552,138,E12000005,West Midlands,36.78,63.22,0.11,171159,0.001495685,0.000999071,118.11839,127,24.852,86,0.2598,31579.63,124.774696,223,728.9987439,254,739723,11,355932,8,488424,17,734723,18,739723
E08000017,Doncaster,259,25.1020768,175,E12000003,Yorkshire and The Humber,31.04,68.96,0.04,304813,0.001151526,0.000849701,82.35238261,71,29.051,42,0.3569,31729.27,222.5501096,285,730.1201379,255,445860,14,462391,10,533241,23,1399083,26,1469063
E06000050,Cheshire West and Chester,354,27.39424223,184,E12000002,North West,49.32,50.68,0.05,333917,0.002548538,0.001060144,82.03907627,70,18.086,163,0.1571,30341.62,245.3905522,296,734.8848732,256,1998105,18,769110,6,419656,22,1045003,22,1045003
E06000026,Plymouth,245,40.57913425,227,E12000009,South West,40.06,59.94,0.05,262712,0.001537806,0.00093258,154.4624313,166,26.643,69,0.3,31740.58,193.7179461,270,737.3776078,257,967901,10,95962,6,204401,13,338667,13,338667
E06000037,West Berkshire,315,54.3595048,262,E12000008,South East,51.78,48.22,0.07,156020,0.003300859,0.002018972,348.4136957,258,10.242,291,0.0106,20683.13,115.0886227,216,737.6530105,258,509292,129,2513767,37,1851209,150,4144022,152,4164022
E08000007,Stockport,202,52.73632607,256,E12000002,North West,52.33,47.67,0.06,288733,0.001600094,0.000699608,182.6473803,182,19.108,150,0.1486,31136.43,213.4068506,279,739.1148591,259,338667,29,292466,20,573024,46,3025288,47,3125288
E09000009,Ealing,213,54.02569494,259,E12000007,London,60.4,39.6,0.15,343059,0.001821844,0.000620884,157.4822259,169,23.585,99,0.1949,29338.89,255.0550482,302,743.4728376,260,2841242,184,8436310,143,9401183.82,271,15699553,289,19224394.82
E08000032,Bradford,539,59.95661027,277,E12000003,Yorkshire and The Humber,45.77,54.23,0.1,531176,0.001558805,0.00101473,112.8752245,117,33.168,19,0.4498,32407.85,396.3488649,319,746.172389,261,3174880.9,32,1000146,10,584307,44,1221446,44,1221446
E08000016,Barnsley,191,13.24909989,89,E12000003,Yorkshire and The Humber,31.69,68.31,0.05,239319,0.001128201,0.000798098,55.36167162,36,29.568,39,0.3662,31798.97,178.7931188,262,747.0911996,262,2026531,33,1979444,24,2431913,50,2924587,51,2934087
E08000001,Bolton,193,118.1134521,316,E12000002,North West,41.71,58.29,0.07,281619,0.001288976,0.000685323,419.4086766,276,28.42,51,0.3775,31900.23,211.7249445,278,751.8134235,263,1170428,89,1296113,33,1289346,115,2638479,117,2691169
E08000019,Sheffield,592,140.5781368,318,E12000003,Yorkshire and The Humber,49.01,50.99,0.07,569737,0.001688498,0.001039076,246.7421579,225,27.568,60,0.343,32188.9,428.5990953,321,752.2753398,264,2464434,38,1261693,15,2179324,51,2841242,51,2841242
E09000031,Waltham Forest,147,33.0586886,209,E12000007,London,59.1,40.9,0.13,271170,0.00157097,0.000542095,121.9113051,130,30.19,35,0.3252,30404.3,205.6397949,276,758.3427182,265,1482178,38,621855,10,749266,45,1155629,46,1175629
E09000029,Sutton,144,22.19047169,151,E12000007,London,46.28,53.72,0.07,200145,0.001863649,0.000719478,110.8719763,111,14.579,215,0.0606,26912.98,152.3985245,248,761.4405781,266,3809211.5,54,2482985,35,2063074,70,2990838,89,3137735
E06000043,Brighton and Hove,249,85.86747747,299,E12000008,South East,68.62,31.38,0.1,285276,0.002145291,0.000872839,300.9979019,243,23.441,102,0.2018,31364.98,217.3625843,281,761.9378577,267,931593,65,2122173,25,1835641,76,2411178,77,2484178
E06000005,Darlington,88,9.81509254,64,E12000001,North East,43.82,56.18,0.05,105389,0.00141381,0.000835002,93.13203978,85,23.639,97,0.2438,31736.09,80.54604067,205,764.2736972,268,930438,33,1395524,13,939169,39,1836287,39,1836287
E09000005,Brent,138,17.36146023,117,E12000007,London,59.74,40.26,0.22,324012,0.00176228,0.00042591,53.58276925,33,26.655,68,0.2296,30467.61,247.7015926,298,764.4827741,269,1364164,164,6276656,113,7765832,219,9719253,227,10532778
E08000018,Rotherham,182,20.79158552,141,E12000003,Yorkshire and The Humber,32.11,67.89,0.06,260786,0.001150369,0.00069789,79.72661692,67,28.279,52,0.3231,32267.14,199.661177,272,765.6130966,270,1784634.45,27,1257832,7,754848,34,1998105,34,1998105
E06000012,North East Lincolnshire,118,9.804835645,63,E12000003,Yorkshire and The Humber,30.13,69.87,0.04,159570,0.00107163,0.000739487,61.44535718,43,30.898,31,0.3805,32621.31,122.788118,221,769.493752,271,1175629,51,1201229,24,1342768,69,2095658,69,2095658
E08000008,Tameside,142,29.60556063,194,E12000002,North West,38.86,61.14,0.06,221692,0.00106454,0.000640528,133.543658,145,29.38,41,0.3631,31652.21,170.9562283,255,771.1429745,272,775770,62,1863629,26,1845831,80,2995642,86,3233129
E06000019,"Herefordshire, County of",541,72.59813198,290,E12000005,West Midlands,40.78,59.22,0.06,188099,0.004035109,0.002876145,385.9570332,265,19.737,143,0.0702,27522.77,145.1801929,240,771.8286269,273,222446,45,1831834,19,1278720,53,2156641,53,2156641
E06000038,Reading,170,25.33964795,178,E12000008,South East,58.03,41.97,0.08,161739,0.002213443,0.001051076,156.6699927,168,19.319,146,0.1137,28061.24,125.0799714,224,773.3445329,274,1023516,69,2975110,26,2008771,84,3594917,88,3705417
E06000047,County Durham,665,65.67921271,283,E12000001,North East,42.45,57.55,0.06,519695,0.001660589,0.001279597,126.3803052,139,25.741,75,0.2646,31246.44,402.0588405,320,773.6438498,275,2039165,79,3423839,31,4130264,94,4837659,98,5424501
E06000016,Leicester,188,23.37730287,160,E12000004,East Midlands,51.08,48.92,0.24,342627,0.001558546,0.000548702,68.22959916,49,33.065,21,0.4175,32025.86,265.3683571,309,774.510932,276,943273,185,8700638,87,8525542,239,12285064,246,13046988
E08000013,St. Helens,120,12.91020116,87,E12000002,North West,41.98,58.02,0.04,177612,0.001035966,0.00067563,72.68766277,55,29.809,36,0.3729,32128.41,140.0171977,235,788.3318565,277,939400,79,8841579,268,9743710.99,127,12283595,470,15276748.41
E06000017,Rutland,114,55.25993122,266,E12000004,East Midlands,49.43,50.57,0.08,38046,0.004179152,0.002996373,1452.450487,322,9.621,301,0,16795.13,30.06233113,203,790.1574707,278,1990303,44,3743148,88,4202714.62,62,4564502,151,5102609.75
E06000010,"Kingston upon Hull, City of",141,32.10352267,205,E12000003,Yorkshire and The Humber,32.38,67.62,0.07,258995,0.001119713,0.000544412,123.9542179,135,41.235,3,0.5423,32690.77,205.1704672,275,792.1792591,279,351945,34,856964,65,1085939,43,998989,126,1389740.5
E06000023,"Bristol, City of",522,111.2786727,313,E12000009,South West,61.73,38.27,0.09,449328,0.002684008,0.001161735,247.655772,226,27.161,62,0.2901,32135.67,357.1502575,318,794.8542212,280,864844,45,1929483,110,2490901.5,68,2921491,190,3809211.5
E09000025,Newham,168,33.47222976,211,E12000007,London,52.84,47.16,0.16,332817,0.001733685,0.000504782,100.572476,94,32.939,23,0.4197,30153.06,264.872146,308,795.8492084,281,208397,212,12509058,154,13219623,316,19440949,350,20694169
E08000014,Sefton,233,25.70472406,181,E12000002,North West,51.87,48.13,0.06,273707,0.001534488,0.000851275,93.91328706,86,25.732,76,0.2735,32177.11,218.6176269,282,798.7286657,282,1213461,61,2458962,37,2712501,91,3962872,92,4292872
E06000021,Stoke-on-Trent,117,12.22327836,79,E12000005,West Midlands,30.64,69.36,0.07,251648,0.000937818,0.000464935,48.57292075,27,34.36,14,0.4882,32239.83,201.1246577,273,799.2301059,283,1378465.45,39,833945,24,756681,52,1055483,53,1058983
E08000015,Wirral,371,43.64684213,236,E12000002,North West,51.7,48.3,0.08,320900,0.001741976,0.001156123,136.0138427,150,26.892,66,0.3074,32458.74,258.9666933,305,807.0012256,284,1870630,55,1879215,36,1633579,78,3039118,80,3110367
E06000018,Nottingham,248,28.56238183,188,E12000004,East Midlands,49.16,50.84,0.11,318901,0.001589835,0.000777671,89.56504316,79,36.927,8,0.5572,32235.74,257.3671613,304,807.044071,285,787464,44,905174,19,856921,59,1464577,61,1468177
E08000022,North Tyneside,143,12.67839253,84,E12000001,North East,46.6,53.4,0.04,202494,0.001442018,0.000706194,62.61120097,44,21.279,130,0.2001,30254.25,163.4371063,251,807.1207359,286,14611211,53,1606134,31,1541012,66,1916196,67,1949398
E06000052,Cornwall,1388,120.2525929,317,E12000009,South West,43.48,56.52,0.07,549404,0.003039658,0.002526374,218.8782624,207,23.833,95,0.1399,29658.96,444.7134448,324,809.4470459,287,3137735,37,1197237,20,1035509,56,2101088,61,2372088
E09000011,Greenwich,179,33.65618196,212,E12000007,London,55.59,44.41,0.09,274803,0.002012351,0.000651376,122.473852,132,25.544,78,0.2287,29003.06,222.5612433,286,809.8937905,288,447662,122,8094823,92,9179936,176,10436115,183,11066992
E09000027,Richmond upon Thames,237,67.36177664,285,E12000007,London,69.29,30.71,0.06,194730,0.002952806,0.00121707,345.9239801,257,10.037,294,0.0084,21254.97,157.7833845,250,810.2674703,289,54025,51,2202282,21,1757965,76,2792480,76,2792480
E08000025,Birmingham,835,365.8749081,323,E12000005,West Midlands,49.58,50.42,0.14,1111307,0.001549527,0.000751368,329.2293742,253,37.768,7,0.5577,32300.7,901.9199439,326,811.5848671,290,2170909.9,103,3412249,27,2322258,120,3998404,121,4271406
E06000006,Halton,78,7.463786835,41,E12000002,North West,42.58,57.42,0.06,126528,0.001035344,0.000616464,58.98921057,41,31.943,27,0.4494,32271.27,102.7399712,211,811.9939555,291,2662590,147,12448624,99,14660557,222,17268560,233,17718376
E06000055,Bedford,161,55.68848074,268,E12000006,East,48.22,51.78,0.08,166252,0.003187932,0.000968409,334.9642756,256,19.238,148,0.1453,29629,135.7490131,231,816.5255943,292,1949398,49,1937989,27,1389749,68,2635060,71,2662590
E08000004,Oldham,144,10.93141382,73,E12000002,North West,39.14,60.86,0.08,230823,0.001074416,0.000623855,47.35842537,23,30.291,34,0.4062,32200.79,188.6392106,268,817.2461609,293,2858970,57,2268227,92,3184112.5,77,3682819,210,5438743.5
E08000003,Manchester,298,246.1671569,322,E12000002,North West,60.36,39.64,0.13,530292,0.001595347,0.000561955,464.21058,287,40.512,5,0.5938,32571.18,434.6269101,322,819.599221,294,7196048,7,3680279,55,9492401,31,8627519,62,10046251
E08000028,Sandwell,138,23.62754506,163,E12000005,West Midlands,33.28,66.72,0.11,319455,0.000910926,0.000431986,73.96204492,57,34.614,13,0.5161,31586.46,262.7210852,306,822.4040481,295,1045948,23,1681841,17,2355517,31,2503069,37,2894765
E06000008,Blackburn with Darwen,135,18.89628083,132,E12000002,North West,43.66,56.34,0.13,146846,0.001477739,0.00091933,128.6809367,143,34.189,15,0.5001,32336.37,120.8085076,218,822.6884464,296,894256,43,2593194,47,2981546,59,3367768,82,4095346
E08000030,Walsall,175,16.91924201,115,E12000005,West Midlands,32.14,67.86,0.08,276095,0.001090204,0.00063384,61.28050856,42,30.37,33,0.4477,31516.97,227.5807288,288,824.284137,297,917237,14,867266,14,720343,22,1294179,24,1427979
E08000005,Rochdale,132,7.130403621,40,E12000002,North West,39.93,60.07,0.09,214195,0.001195173,0.000616261,33.28930937,9,33.684,16,0.4473,32370.91,177.7066376,258,829.6488602,298,1382842,28,1809211,39,2823946,47,9035238,60,9386476
E08000024,Sunderland,188,13.02003422,88,E12000001,North East,38.66,61.34,0.06,277150,0.001071622,0.000678333,46.97829414,22,29.725,37,0.3725,31877.19,232.4046438,292,838.5518448,299,283282,19,1134891,13,1240060,29,1617637,33,1719637
E09000023,Lewisham,185,33.02579576,208,E12000007,London,69.86,30.14,0.13,297325,0.001853191,0.000622215,111.0764173,112,28.591,48,0.3141,29712.05,250.7969306,300,843.5110758,300,613910,45,6966257,149,31777857.12,121,17255760,199,45288476.12
E06000057,Northumberland,625,60.24420646,278,E12000001,North East,45.89,54.11,0.05,315263,0.00266127,0.001982472,191.0919025,187,20.525,136,0.1782,30553.86,266.0621148,310,843.9370139,301,110410,30,2212208,32,2563896,48,3294823,54,3483089
E09000014,Haringey,168,50.58715555,252,E12000007,London,75.57,24.43,0.18,272864,0.002213557,0.000615691,185.3932932,184,31.043,30,0.4134,31184.54,230.8470466,291,846.0150353,302,1469063,25,1362180,23,1013945,39,1919219,44,1972029
E08000021,Newcastle upon Tyne,227,67.79364295,287,E12000001,North East,50.7,49.3,0.05,292883,0.001915441,0.000775054,231.470051,216,28.264,53,0.3496,32428.87,248.3414363,299,847.9202832,303,1199925.44,37,691812,25,971063,50,1467539,60,1757651
E06000027,Torbay,173,11.52126031,77,E12000009,South West,36.84,63.16,0.06,133373,0.001776971,0.001297114,86.38375316,74,28.788,46,0.3104,32060.71,113.0943742,213,847.9555397,304,1928978,38,1500195,27,1935464,55,2890102,67,3541021
E06000003,Redcar and Cleveland,108,5.176222422,27,E12000001,North East,33.81,66.19,0.04,135275,0.001197561,0.000798374,38.26444223,13,28.567,49,0.3394,32420.92,114.9803976,214,849.9752179,305,991024,96,8055167,166,23634939.5,173,21884542,218,24872556.5
E09000033,Westminster,289,483.1385441,326,E12000007,London,68.97,31.03,0.16,242299,0.010181635,0.001192741,1993.976633,323,27.686,57,0.2943,31414.5,210.9434331,277,870.5914308,306,1367443,13,1411723,50,5623889,46,5544732,69,6271072
E08000031,Wolverhampton,173,29.95892946,196,E12000005,West Midlands,37.43,62.57,0.09,254406,0.001159564,0.000680015,117.7603101,126,33.183,17,0.4921,31831.15,221.7803041,284,871.7573646,307,1474909,35,1149817,43,1682897,57,1935534.09,70,2257574.09
E08000006,Salford,161,24.93156947,174,E12000002,North West,43.19,56.81,0.1,245614,0.001799572,0.0006555,101.5071188,95,32.959,22,0.4339,32419.02,214.2885433,280,872.4606224,308,2183447,12,1125994,23,2123394,25,2413698,33,2613198
E06000002,Middlesbrough,74,5.068951518,25,E12000001,North East,34.52,65.48,0.06,139509,0.001118207,0.000530432,36.33422588,12,40.216,6,0.5604,32745.35,122.2758672,220,876.4729673,309,77449,19,1061014,16,1303755,24,1318840,28,1481740
E08000037,Gateshead,164,22.92799443,157,E12000001,North East,43.15,56.85,0.05,200996,0.001512468,0.000815937,114.0718941,122,25.932,73,0.2735,31346.78,178.1515707,260,886.3438611,310,22795914.34,10,89585,10,244688,18,631607,22,754707
E06000001,Hartlepool,68,3.023337859,9,E12000001,North East,30.43,69.57,0.07,92493,0.001081163,0.000735191,32.68720724,8,33.178,18,0.4589,32428.23,82.98212569,207,897.1719556,311,603056,14,625601,13,1044786,20,1138697,26,1491647
E09000022,Lambeth,212,47.95636611,246,E12000007,London,78.62,21.38,0.17,324431,0.002595313,0.000653452,147.8168427,161,28.913,44,0.3069,29841.72,293.7203035,316,905.3398211,312,2484178,75,13929850,222,40532984,176,37607606,275,43385237
E06000046,Isle of Wight,289,30.77720541,199,E12000008,South East,38.05,61.95,0.06,139395,0.002474981,0.002073245,220.7913154,209,23.087,109,0.156,28875.42,126.5629606,226,907.9447656,313,5269517.54,25,8279771,45,5018651,46,10534922,66,13749397
E09000013,Hammersmith and Fulham,138,85.88497443,300,E12000007,London,70.02,29.98,0.13,179410,0.002625272,0.000769188,478.7078448,289,24.362,92,0.2133,29782.95,163.9362499,252,913.75202,314,6753805,14,2028809,16,2305514,25,2518701,27,2524701
E08000012,Liverpool,354,61.58562317,281,E12000002,North West,58.19,41.81,0.09,478580,0.001815788,0.000739688,128.684072,144,41.126,4,0.5937,32666.4,437.851108,323,914.8963768,315,615156,76,5124475,177,16580152.2,136,13014518,273,18055488.5
E08000023,South Tyneside,83,4.433010428,17,E12000001,North East,37.95,62.05,0.05,148671,0.000860961,0.00055828,29.81758667,6,30.608,32,0.4319,31300.48,136.1861395,232,916.0235655,316,3233129,34,2659121,35,2849955,46,3290277,62,3755777
E06000009,Blackpool,68,3.526958447,12,E12000002,North West,32.54,67.46,0.05,139578,0.000802419,0.000487183,25.2687275,3,41.997,1,0.5075,32832.78,131.4157172,228,941.5217097,317,150982,11,657021,14,1157058,16,917162,26,1280481
E09000028,Southwark,227,94.52763098,305,E12000007,London,72.81,27.19,0.13,308901,0.003311741,0.000734863,306.0127063,245,29.489,40,0.371,29502.65,291.3871381,315,943.3026701,318,54444,40,5205901,81,14065096,71,13798287,100,15085437
E09000030,Tower Hamlets,261,111.0840323,312,E12000007,London,67.46,32.54,0.17,295236,0.002577599,0.000884039,376.2550377,262,35.657,10,0.5738,31114.69,282.8603706,313,958.0822481,319,2372088,23,554596,29,1598423,41,1855769,47,2084569
E09000012,Hackney,241,54.277776,260,E12000007,London,78.48,21.52,0.15,269009,0.00451286,0.000895881,201.7693683,193,35.28,11,0.5155,31013.43,266.2609348,311,989.784486,320,3181320,12,98642,18,1324675,20,1420733,27,1654603
E09000019,Islington,201,67.16990025,284,E12000007,London,75.22,24.78,0.12,227692,0.004773993,0.000882771,295.0033389,242,32.534,24,0.4186,30884.17,229.8929859,290,1009.666505,321,549785,56,3337320,136,11756478,130,11051848,195,13649333
E08000011,Knowsley,83,56.20716265,270,E12000002,North West,48.44,51.56,0.05,147231,0.000849006,0.00056374,381.7617394,264,41.387,2,0.5737,32701.91,150.489657,247,1022.132954,322,767332,10,510540,6,819161,15,842438,19,930438
E09000007,Camden,265,186.4558732,320,E12000007,London,74.94,25.06,0.16,241059,0.006683011,0.001099316,773.4864627,317,24.959,84,0.253,29690.49,251.3908214,301,1042.860135,323,558195,71,6299456,123,12303534,134,11628926,185,14611211
E09000020,Kensington and Chelsea,170,86.58969065,301,E12000007,London,68.69,31.31,0.11,157711,0.004565313,0.001077921,549.040274,300,23.376,104,0.2206,30574.41,166.2455625,253,1054.115201,324,401117,26,1656783,29,2517489,39,2176920,48,2858970
E06000053,Isles of Scilly,13,0.557949671,1,E12000009,South West,56.39,43.61,0,2324,0.006454389,0.005593804,240.081614,221,12.013,265,0,11056,4.757987393,2,2047.326761,325,3131973,31,2875113,49,6028138,61,5835279,75,7196048
E09000001,City of London,115,58.70043729,276,E12000007,London,75.29,24.71,0.14,8760,0.121689498,0.013127854,6700.963161,326,13.602,231,0,22560,34.29896022,204,3915.406418,326,3079143,37,8801573,114,14066564,135,18808779,193,22795914.34